rest_time,heart_rate_stop,heart_rate_start,speed_stop,speed_start,altitude_stop,altitude_start,total_running_time,HRR
50.0,132.0,82.0,10.5156,0.0,184.0,178.6,153.0,50.0
12.0,156.0,116.0,11.7216,0.1692,204.4,209.8,152.0,40.0
117.0,138.0,75.0,13.302,0.1332,173.0,181.8,425.0,63.0
2.0,154.0,154.0,14.6808,14.544,176.4,175.8,720.0,0.0
712.0,165.0,94.0,15.2496,0.0,179.8,170.4,1984.0,71.0
2.0,177.0,177.0,18.0036,17.8704,181.4,182.6,3359.0,0.0
483.0,177.0,102.0,9.9756,0.0,182.6,185.2,3360.0,75.0
12.0,149.0,142.0,11.6208,0.0324,179.8,181.6,3607.0,7.0
6.0,154.0,149.0,11.7216,0.1692,198.2,197.0,3775.0,5.0
8.0,155.0,125.0,11.4192,0.0,186.2,184.6,150.0,30.0
10.0,146.0,117.0,11.3184,0.0,177.0,177.8,214.0,29.0
30.0,156.0,102.0,13.1328,0.234,176.8,188.8,334.0,54.0
130.0,162.0,100.0,12.8988,0.0684,181.6,198.8,2516.0,62.0
71.0,151.0,106.0,12.528,0.0,181.0,177.8,2976.0,45.0
2.0,148.0,147.0,12.564,12.3948,182.2,182.4,3788.0,1.0
7.0,162.0,119.0,10.278,0.0684,177.4,178.8,45.0,43.0
23.0,144.0,78.0,8.766,0.0,178.6,179.0,52.0,66.0
25.0,150.0,99.0,12.564,0.0,177.6,175.8,147.0,51.0
682.0,153.0,76.0,14.04,2.6532,172.2,178.8,349.0,77.0
189.0,129.0,80.0,11.4192,0.0,174.0,174.6,660.0,49.0
177.0,167.0,101.0,19.7496,0.0,173.6,172.8,897.0,66.0
177.0,165.0,105.0,18.2412,2.5848,177.0,171.8,1145.0,60.0
178.0,173.0,102.0,18.6768,0.0,173.8,175.4,1395.0,71.0
19.0,166.0,158.0,21.2292,3.5604,171.0,173.0,1640.0,8.0
397.0,157.0,96.0,2.6208,0.0,173.2,161.2,1642.0,61.0
215.0,166.0,90.0,18.4752,1.278,158.6,156.2,1912.0,76.0
566.0,86.0,91.0,0.0,4.8024,156.2,164.8,1918.0,-5.0
26.0,148.0,105.0,10.0116,0.0324,243.2,215.0,246.0,43.0
7.0,148.0,133.0,12.6972,0.0,199.2,200.6,529.0,15.0
43.0,145.0,88.0,0.0,0.1008,200.0,200.8,535.0,57.0
4.0,147.0,142.0,12.9672,0.0,184.2,182.8,668.0,5.0
5.0,114.0,111.0,12.5964,0.0,188.6,188.4,25.0,3.0
35.0,136.0,97.0,10.6812,0.1332,185.4,185.4,153.0,39.0
19.0,156.0,116.0,10.8504,0.0,173.2,175.2,134.0,40.0
605.0,151.0,86.0,15.9876,4.2984,168.0,176.0,561.0,65.0
130.0,73.0,89.0,0.4032,3.2904,173.8,173.0,1026.0,-16.0
265.0,170.0,106.0,24.1164,0.0,180.6,173.8,2626.0,64.0
1429.0,175.0,84.0,28.0152,4.7376,176.8,176.6,2847.0,91.0
37.0,70.0,72.0,0.0,4.0644,198.8,208.6,1.0,-2.0
2.0,113.0,113.0,10.0764,2.9556,187.8,188.0,82.0,0.0
4.0,132.0,124.0,12.4632,4.6692,172.2,172.0,163.0,8.0
1.0,84.0,87.0,2.3832,2.3508,179.2,179.2,552.0,-3.0
8.0,136.0,127.0,11.9916,0.0,180.0,180.2,1852.0,9.0
5.0,140.0,137.0,12.7656,2.988,185.2,184.8,1976.0,3.0
18.0,125.0,98.0,10.6488,0.3024,174.2,173.0,304.0,27.0
4.0,110.0,106.0,12.564,1.3428,173.6,174.2,316.0,4.0
111.0,131.0,68.0,8.4636,0.4032,172.2,164.4,1192.0,63.0
48.0,134.0,96.0,11.2176,4.536,171.2,175.8,1575.0,38.0
86.0,140.0,90.0,10.2132,4.1652,197.4,244.8,2024.0,50.0
424.0,149.0,76.0,13.2696,0.0,181.4,177.0,2805.0,73.0
346.0,160.0,98.0,11.5884,4.5684,180.6,178.6,3894.0,62.0
8.0,158.0,153.0,12.7656,3.4596,185.4,184.8,4578.0,5.0
7.0,169.0,133.0,11.6892,5.3748,172.0,174.4,222.0,36.0
7.0,163.0,135.0,9.1368,0.2016,184.0,181.4,360.0,28.0
41.0,164.0,92.0,12.4956,0.0324,201.6,196.2,442.0,72.0
1671.0,161.0,60.0,13.3344,0.6048,179.8,197.0,690.0,101.0
886.0,56.0,75.0,0.3708,4.5684,206.0,194.8,949.0,-19.0
26.0,138.0,93.0,8.9676,2.2176,188.2,190.6,1099.0,45.0
4.0,139.0,123.0,11.4552,4.3668,175.4,176.6,1168.0,16.0
7.0,132.0,115.0,11.6208,0.0,170.8,171.2,1178.0,17.0
71.0,130.0,71.0,10.9836,0.0,176.4,181.0,1218.0,59.0
31.0,154.0,126.0,13.4712,0.0324,212.8,198.2,2543.0,28.0
382.0,158.0,80.0,16.3584,0.3348,174.4,171.6,680.0,78.0
301.0,122.0,84.0,10.7496,0.3708,174.6,170.8,970.0,38.0
164.0,102.0,100.0,0.0,3.8952,172.6,171.2,3184.0,2.0
20.0,130.0,118.0,10.2456,0.0324,174.2,174.2,3465.0,12.0
5.0,131.0,123.0,11.7576,1.9476,175.2,176.2,10.0,8.0
9.0,127.0,116.0,10.9512,0.1692,177.8,181.0,1874.0,11.0
6.0,164.0,148.0,11.2536,6.516,205.0,210.0,21.0,16.0
143.0,144.0,81.0,12.8304,3.6288,172.8,172.6,501.0,63.0
61.0,142.0,94.0,9.5076,2.4516,180.2,171.6,542.0,48.0
40.0,126.0,107.0,23.9832,2.6856,171.0,176.0,556.0,19.0
277.0,137.0,72.0,24.1848,0.504,179.0,182.0,570.0,65.0
71.0,150.0,94.0,14.2092,4.6368,175.0,170.0,475.0,56.0
41.0,166.0,141.0,15.8544,0.0,169.6,166.2,1947.0,25.0
225.0,170.0,96.0,18.0396,0.504,166.0,147.4,3453.0,74.0
45.0,95.0,100.0,0.0,0.0324,148.0,152.6,3457.0,-5.0
5.0,147.0,143.0,12.6648,8.1972,176.6,175.2,3619.0,4.0
16.0,141.0,124.0,12.5964,0.0,178.2,179.2,133.0,17.0
22.0,160.0,132.0,13.1688,0.0,183.4,182.6,862.0,28.0
2.0,157.0,155.0,11.6208,8.8344,171.6,172.2,909.0,2.0
2.0,155.0,154.0,11.6892,11.0844,167.0,166.6,966.0,1.0
26.0,159.0,131.0,14.8464,0.1332,160.6,167.0,1063.0,28.0
6.0,175.0,156.0,6.3828,6.3504,177.6,177.2,32.0,19.0
27.0,185.0,102.0,11.3544,0.1332,171.8,180.2,145.0,83.0
310.0,165.0,79.0,15.4512,3.492,171.6,177.6,355.0,86.0
221.0,152.0,99.0,12.528,0.4356,176.4,166.6,601.0,53.0
336.0,120.0,110.0,1.8144,4.5,173.4,178.6,2713.0,10.0
6.0,148.0,142.0,11.6568,0.504,180.0,180.4,3171.0,6.0
5.0,144.0,140.0,10.3464,1.6452,180.8,179.6,3177.0,4.0
9.0,136.0,127.0,15.2172,0.1692,175.4,175.8,150.0,9.0
58.0,137.0,82.0,12.8664,1.3428,165.2,165.0,615.0,55.0
2.0,142.0,138.0,11.9592,11.8224,173.2,172.6,1698.0,4.0
17.0,141.0,125.0,11.8908,0.1008,192.4,184.8,1903.0,16.0
174.0,158.0,110.0,13.3704,0.0,186.0,185.0,2310.0,48.0
22.0,152.0,140.0,11.9916,4.5684,192.4,192.2,2629.0,12.0
6.0,160.0,150.0,12.2616,0.0684,191.8,195.4,176.0,10.0
37.0,138.0,100.0,11.3544,3.1248,210.8,201.8,640.0,38.0
14.0,137.0,122.0,12.294,0.1332,197.6,201.6,733.0,15.0
58.0,126.0,81.0,11.1528,0.234,168.0,185.6,2692.0,45.0
17.0,137.0,125.0,11.9916,0.1332,162.8,181.4,2816.0,12.0
472.0,152.0,77.0,12.9996,2.2824,175.2,179.8,3299.0,75.0
4.0,143.0,138.0,11.9592,10.5804,188.6,190.2,3678.0,5.0
19.0,150.0,134.0,13.3704,3.1896,189.2,188.8,3892.0,16.0
61.0,146.0,99.0,11.7576,1.9152,200.0,194.4,3993.0,47.0
1125.0,151.0,71.0,14.1408,0.8748,192.4,201.4,4231.0,80.0
30.0,156.0,109.0,12.1248,0.2016,194.0,195.6,4350.0,47.0
25.0,146.0,125.0,12.564,0.2016,204.4,203.2,4570.0,21.0
4.0,146.0,145.0,13.806,7.8588,179.8,180.0,4676.0,1.0
34.0,150.0,98.0,13.1328,0.3348,225.0,230.8,27.0,52.0
8.0,155.0,142.0,14.4792,3.1896,174.4,177.0,226.0,13.0
14.0,159.0,142.0,8.7336,0.1008,164.0,160.4,1267.0,17.0
59.0,164.0,174.0,13.032,3.528,169.8,173.0,357.0,-10.0
463.0,154.0,74.0,15.6204,0.2016,153.6,165.2,558.0,80.0
70.0,124.0,82.0,10.8828,0.1332,164.6,171.2,807.0,42.0
80.0,109.0,83.0,12.1608,0.1332,165.4,173.6,832.0,26.0
103.0,116.0,106.0,2.5848,0.0,179.6,181.2,2641.0,10.0
658.0,165.0,100.0,16.6608,5.4072,171.8,179.6,2820.0,65.0
8.0,145.0,132.0,10.8504,0.3024,181.8,182.8,2886.0,13.0
18.0,166.0,101.0,11.9916,0.0,172.6,171.8,150.0,65.0
4.0,162.0,150.0,9.9432,9.81,223.0,211.6,477.0,12.0
11.0,139.0,119.0,11.1852,0.0324,217.0,200.0,152.0,20.0
20.0,133.0,120.0,9.4392,2.6856,174.0,177.2,1422.0,13.0
1.0,144.0,144.0,12.294,12.564,186.2,185.8,2571.0,0.0
622.0,161.0,81.0,10.8504,0.4032,207.8,187.4,2812.0,80.0
21.0,129.0,112.0,11.6208,0.0324,185.4,192.0,2857.0,17.0
3.0,124.0,119.0,12.6648,11.3544,187.6,186.4,2875.0,5.0
15.0,145.0,132.0,12.1608,0.3348,186.8,190.4,2981.0,13.0
13.0,135.0,127.0,10.0116,0.0684,190.2,188.2,3041.0,8.0
63.0,148.0,100.0,12.9312,0.1692,188.8,187.4,3158.0,48.0
9.0,147.0,139.0,12.8664,0.4716,176.4,181.0,3385.0,8.0
2.0,147.0,146.0,12.4956,9.8424,187.0,186.8,3492.0,1.0
13.0,149.0,141.0,12.7296,0.0684,181.0,180.2,3616.0,8.0
10.0,145.0,138.0,12.6288,0.0324,188.8,190.0,3662.0,7.0
24.0,143.0,115.0,5.7456,0.0,178.8,190.4,1058.0,28.0
5.0,151.0,146.0,12.1932,0.0,193.4,191.6,2459.0,5.0
7.0,158.0,152.0,15.1812,8.6004,190.0,186.8,3088.0,6.0
5.0,160.0,156.0,14.58,8.3628,188.4,185.4,3328.0,4.0
9.0,161.0,155.0,14.6448,8.8344,184.2,189.2,3453.0,6.0
63.0,156.0,113.0,13.9392,0.0,179.0,187.8,3592.0,43.0
4.0,160.0,157.0,14.58,7.1532,189.2,192.6,3893.0,3.0
51.0,154.0,117.0,13.2336,0.0,182.0,211.0,4345.0,37.0
61.0,155.0,108.0,13.9752,0.3348,172.2,175.4,1729.0,47.0
282.0,155.0,87.0,15.3828,0.9756,164.4,180.8,284.0,68.0
172.0,148.0,92.0,13.8384,0.234,187.4,175.6,523.0,56.0
862.0,172.0,92.0,20.6568,2.9232,174.4,174.8,1866.0,80.0
17.0,154.0,136.0,13.068,0.3024,177.4,182.6,3017.0,18.0
19.0,148.0,128.0,12.06,2.2824,190.0,173.8,3119.0,20.0
7.0,151.0,145.0,12.3624,2.7216,167.2,168.0,3250.0,6.0
7.0,164.0,137.0,13.9752,0.0,280.8,281.0,146.0,27.0
5.0,161.0,140.0,11.1528,4.8384,179.2,177.0,157.0,21.0
45.0,149.0,105.0,9.5076,0.9072,182.2,182.0,610.0,44.0
10.0,152.0,143.0,13.2336,0.0,175.4,176.0,2549.0,9.0
4.0,152.0,150.0,14.9148,0.0,47.8,45.2,126.0,2.0
892.0,163.0,66.0,12.8988,4.8384,178.2,219.0,79.0,97.0
53.0,139.0,61.0,10.9152,1.1412,189.0,188.2,203.0,78.0
2.0,150.0,150.0,9.8424,10.9512,180.8,180.8,1558.0,0.0
49.0,164.0,119.0,15.4188,0.3708,156.0,156.2,2681.0,45.0
14.0,154.0,141.0,13.536,0.1332,170.8,171.2,2771.0,13.0
5.0,167.0,147.0,12.9312,0.0,184.4,185.8,5203.0,20.0
18.0,156.0,132.0,9.81,0.0,184.2,183.6,5240.0,24.0
4.0,154.0,148.0,12.4272,8.6328,166.8,167.8,5469.0,6.0
3.0,153.0,152.0,13.1004,10.5156,194.6,194.2,5627.0,1.0
3.0,165.0,156.0,11.7216,10.0116,202.2,205.2,5737.0,9.0
8.0,157.0,145.0,12.6972,0.2016,178.0,180.4,6212.0,12.0
6.0,156.0,147.0,10.6488,0.3024,179.2,180.2,6356.0,9.0
6.0,146.0,140.0,11.7216,0.2016,184.0,185.6,6605.0,6.0
33.0,157.0,125.0,12.6648,2.2824,171.4,178.4,6788.0,32.0
9.0,162.0,150.0,12.8988,0.4032,171.0,172.2,6898.0,12.0
58.0,153.0,104.0,13.536,4.5684,174.8,175.6,800.0,49.0
216.0,172.0,94.0,20.6244,0.0,177.2,176.4,2197.0,78.0
3.0,140.0,137.0,11.52,11.2536,165.2,165.6,2438.0,3.0
23.0,156.0,115.0,13.068,0.2016,196.8,197.0,248.0,41.0
16.0,157.0,122.0,9.7092,0.0,188.8,195.2,478.0,35.0
15.0,153.0,135.0,13.1688,2.3184,189.0,187.6,531.0,18.0
8.0,154.0,136.0,11.7576,0.0684,190.4,191.0,748.0,18.0
15.0,154.0,133.0,12.9312,0.0,180.8,181.0,1049.0,21.0
29.0,150.0,116.0,13.8384,0.0324,184.4,190.0,1063.0,34.0
16.0,164.0,137.0,13.4028,0.0,174.0,172.6,1230.0,27.0
22.0,160.0,129.0,11.7216,2.8224,176.2,179.0,1293.0,31.0
43.0,151.0,102.0,12.0924,0.27,161.0,182.6,1433.0,49.0
62.0,153.0,84.0,12.8304,0.3024,174.0,186.4,1488.0,69.0
5.0,159.0,144.0,13.4712,2.6856,170.4,173.6,1539.0,15.0
7.0,155.0,145.0,13.2696,0.3024,158.2,161.0,1699.0,10.0
4.0,160.0,153.0,14.2416,7.524,167.8,169.0,1834.0,7.0
13.0,155.0,123.0,13.068,0.1008,166.4,169.4,483.0,32.0
46.0,167.0,129.0,14.9472,0.2016,156.4,192.2,2456.0,38.0
6.0,167.0,168.0,13.7052,0.2016,177.8,177.2,186.0,-1.0
3.0,153.0,146.0,12.9996,12.8304,148.2,147.6,516.0,7.0
125.0,155.0,95.0,13.6044,0.0,201.0,196.2,200.0,60.0
6.0,139.0,131.0,11.8224,11.9232,184.4,184.2,1349.0,8.0
156.0,166.0,79.0,13.8384,0.0,166.8,177.8,215.0,87.0
1.0,170.0,170.0,21.2976,16.7292,177.0,177.6,72.0,0.0
4.0,146.0,135.0,17.6004,16.056,236.2,233.0,21.0,11.0
170.0,153.0,85.0,13.6044,5.274,170.4,176.2,355.0,68.0
2.0,154.0,152.0,13.1328,0.0,198.0,196.6,1763.0,2.0
25.0,154.0,127.0,11.556,0.0,184.8,185.6,1853.0,27.0
6.0,151.0,146.0,12.8664,0.0,189.0,189.4,1969.0,5.0
11.0,154.0,143.0,12.4272,0.0,186.0,189.2,4236.0,11.0
141.0,149.0,79.0,12.9672,0.3348,160.2,177.0,375.0,70.0
35.0,136.0,107.0,10.044,0.0684,167.2,169.4,1167.0,29.0
18.0,128.0,111.0,4.7376,2.9232,171.0,174.6,1238.0,17.0
237.0,141.0,90.0,12.9312,0.3708,170.0,170.0,2149.0,51.0
3.0,110.0,111.0,5.9112,2.6208,174.8,174.4,2160.0,-1.0
22.0,157.0,120.0,13.806,0.0,173.8,174.0,86.0,37.0
4.0,162.0,159.0,9.774,4.8384,181.8,184.0,344.0,3.0
7.0,156.0,148.0,11.4552,0.27,201.8,197.8,494.0,8.0
21.0,146.0,125.0,11.8908,0.1008,194.8,192.6,508.0,21.0
75.0,161.0,109.0,12.9996,6.5484,198.2,211.4,635.0,52.0
53.0,166.0,94.0,16.1568,0.0,188.8,189.0,703.0,72.0
40.0,164.0,122.0,14.58,0.2016,189.0,199.6,2115.0,42.0
3.0,134.0,132.0,11.6568,11.1528,192.6,192.8,2166.0,2.0
38.0,159.0,85.0,12.0924,0.0324,159.2,142.4,151.0,74.0
28.0,140.0,105.0,12.528,0.0,174.8,176.4,141.0,35.0
17.0,137.0,121.0,12.4272,0.0,180.8,179.2,433.0,16.0
1.0,149.0,148.0,13.1328,13.1004,176.0,175.8,1518.0,1.0
11.0,166.0,159.0,13.032,0.0684,170.4,169.6,100.0,7.0
9.0,168.0,158.0,15.318,0.3348,173.8,170.4,989.0,10.0
12.0,151.0,124.0,12.3948,2.6856,180.4,181.0,153.0,27.0
3.0,158.0,157.0,13.5036,12.8988,175.6,176.8,2727.0,1.0
605.0,165.0,81.0,10.6488,0.234,210.8,226.4,1102.0,84.0
20.0,142.0,122.0,10.278,0.1008,209.2,210.4,1308.0,20.0
18.0,140.0,126.0,8.532,0.0684,179.6,182.6,62.0,14.0
15.0,155.0,146.0,12.3948,0.1008,178.0,172.4,156.0,9.0
13.0,160.0,154.0,10.314,0.0684,187.8,207.4,251.0,6.0
32.0,154.0,119.0,13.302,0.1692,173.8,176.4,139.0,35.0
6.0,150.0,145.0,12.9996,0.1332,154.0,154.6,260.0,5.0
16.0,154.0,139.0,13.572,0.0684,135.6,140.2,1023.0,15.0
34.0,154.0,126.0,13.4352,0.1008,151.0,151.8,1184.0,28.0
24.0,162.0,118.0,11.6568,0.0,190.8,193.4,147.0,44.0
4.0,154.0,150.0,12.9996,8.532,184.8,185.4,1683.0,4.0
2.0,156.0,153.0,13.1688,12.9996,183.4,184.8,1792.0,3.0
3.0,162.0,161.0,13.536,12.6288,176.4,177.4,1980.0,1.0
2.0,157.0,154.0,13.9068,13.7736,185.8,186.0,557.0,3.0
167.0,150.0,84.0,12.9996,0.0324,172.6,175.0,667.0,66.0
17.0,113.0,102.0,14.2776,0.0,182.4,180.6,725.0,11.0
5.0,151.0,146.0,13.1328,2.8224,186.4,184.2,1219.0,5.0
10.0,158.0,140.0,12.9996,3.8628,183.8,178.0,267.0,18.0
26.0,154.0,129.0,12.024,0.0324,222.8,219.4,1122.0,25.0
17.0,167.0,119.0,10.2132,0.0,179.2,175.6,154.0,48.0
439.0,164.0,83.0,14.8464,3.8628,176.0,172.8,241.0,81.0
11.0,142.0,127.0,13.8384,0.0,172.8,171.6,322.0,15.0
204.0,149.0,67.0,14.3424,0.2016,167.6,175.6,456.0,82.0
22.0,141.0,124.0,12.294,0.1332,174.8,181.6,1577.0,17.0
5.0,167.0,167.0,12.1608,4.266,188.6,190.0,156.0,0.0
5.0,158.0,152.0,12.024,3.1572,172.8,174.0,4068.0,6.0
64.0,157.0,51.0,10.1448,0.0,192.2,191.0,63.0,106.0
62.0,148.0,59.0,13.9068,0.1332,180.4,179.4,93.0,89.0
3.0,162.0,160.0,11.8908,11.556,166.2,166.8,2157.0,2.0
169.0,150.0,89.0,12.9312,3.8628,163.8,171.0,873.0,61.0
24.0,146.0,119.0,13.6728,4.5,173.6,175.6,1083.0,27.0
260.0,150.0,87.0,15.318,5.7096,180.2,176.8,1162.0,63.0
37.0,122.0,88.0,11.8584,0.0324,199.6,178.6,32.0,34.0
23.0,149.0,121.0,13.4028,0.2016,148.4,150.2,301.0,28.0
71.0,158.0,95.0,12.9672,2.4192,154.4,166.8,872.0,63.0
6.0,156.0,157.0,13.5036,4.6368,167.0,168.0,1668.0,-1.0
19.0,165.0,135.0,13.5036,1.1772,175.4,172.2,432.0,30.0
134.0,158.0,96.0,13.6368,4.0644,166.0,169.6,558.0,62.0
60.0,154.0,100.0,15.1812,3.492,177.4,193.8,615.0,54.0
198.0,153.0,92.0,15.282,5.544,171.6,162.4,648.0,61.0
137.0,123.0,90.0,13.4712,4.8024,170.8,181.6,664.0,33.0
6.0,163.0,126.0,10.3464,0.1332,175.6,175.6,19.0,37.0
18.0,168.0,135.0,13.3344,5.0724,151.0,156.2,605.0,33.0
6.0,141.0,136.0,9.9432,9.6408,167.4,167.8,1409.0,5.0
5.0,134.0,129.0,10.1124,9.8424,168.6,170.2,1555.0,5.0
48.0,137.0,105.0,10.044,0.0,171.0,176.8,1718.0,32.0
25.0,155.0,86.0,10.1124,0.0324,238.2,220.6,37.0,69.0
32.0,160.0,94.0,10.8504,0.1692,167.4,155.4,171.0,66.0
12.0,147.0,133.0,11.9232,0.0,180.6,180.8,979.0,14.0
27.0,181.0,114.0,10.2456,0.0,175.6,173.8,145.0,67.0
11.0,175.0,134.0,10.9152,2.52,174.6,173.2,146.0,41.0
37.0,156.0,127.0,14.2776,3.2904,168.6,169.8,1344.0,29.0
13.0,162.0,129.0,11.556,0.0,180.4,182.6,165.0,33.0
8.0,156.0,136.0,10.7496,4.2984,174.4,171.2,150.0,20.0
176.0,162.0,94.0,14.5116,0.1692,154.2,185.8,1064.0,68.0
36.0,162.0,151.0,11.5884,0.0,202.8,206.2,36.0,11.0
5.0,145.0,135.0,11.8224,5.6088,195.4,197.6,899.0,10.0
4.0,154.0,151.0,11.79,11.5884,173.8,173.4,1179.0,3.0
9.0,168.0,159.0,16.4592,0.0684,167.4,168.0,1226.0,9.0
6.0,162.0,162.0,11.1852,0.5364,168.0,169.2,196.0,0.0
180.0,163.0,89.0,14.8788,4.8024,170.2,180.2,499.0,74.0
13.0,166.0,152.0,14.2416,5.7096,171.4,174.6,887.0,14.0
291.0,151.0,91.0,4.77,3.4272,174.0,178.6,889.0,60.0
995.0,153.0,86.0,13.572,29.8944,172.4,178.6,977.0,67.0
3.0,161.0,154.0,11.79,11.4192,175.8,175.6,1202.0,7.0
26.0,149.0,137.0,11.8908,0.0,176.8,183.6,1730.0,12.0
24.0,149.0,97.0,14.5116,0.0,189.8,173.0,25.0,52.0
9.0,164.0,156.0,15.8868,0.0,190.0,177.0,215.0,8.0
4.0,161.0,153.0,8.8344,10.044,174.6,171.0,220.0,8.0
18.0,149.0,132.0,13.2336,0.2016,175.6,167.2,1150.0,17.0
33.0,234.0,241.0,12.06,3.7944,174.8,175.2,165.0,-7.0
4.0,210.0,202.0,12.8988,9.27,153.2,152.0,199.0,8.0
161.0,160.0,80.0,13.7376,3.1248,170.0,174.6,708.0,80.0
5.0,154.0,141.0,12.8988,12.294,179.0,179.4,788.0,13.0
36.0,165.0,105.0,13.2696,0.0684,159.6,160.0,184.0,60.0
227.0,168.0,85.0,16.326,0.1692,167.4,176.2,1248.0,83.0
5.0,145.0,140.0,11.9232,11.2536,179.4,182.2,913.0,5.0
392.0,163.0,102.0,14.9472,0.3348,171.8,174.4,1908.0,61.0
5.0,165.0,153.0,8.8668,7.794,154.0,154.6,141.0,12.0
22.0,159.0,120.0,12.294,2.4516,184.2,183.4,961.0,39.0
2.0,165.0,165.0,11.1528,10.9836,186.2,185.6,161.0,0.0
27.0,160.0,95.0,14.8464,0.234,186.6,189.8,41.0,65.0
30.0,163.0,131.0,13.7052,0.0,173.0,175.8,464.0,32.0
145.0,161.0,88.0,16.8948,0.0684,178.8,183.0,227.0,73.0
340.0,171.0,94.0,13.4028,0.0,172.0,188.4,1568.0,77.0
32.0,118.0,114.0,11.5884,5.1048,182.4,184.2,1581.0,4.0
21.0,164.0,122.0,12.5964,0.0,178.2,179.2,174.0,42.0
44.0,158.0,106.0,11.9232,0.0684,183.0,182.4,249.0,52.0
29.0,153.0,121.0,14.04,0.0324,196.0,193.4,304.0,32.0
403.0,159.0,85.0,11.3868,3.024,190.4,198.4,350.0,74.0
590.0,169.0,98.0,18.1044,3.3588,176.6,183.8,1048.0,71.0
4.0,156.0,150.0,12.1932,6.8184,174.0,172.8,1123.0,6.0
2.0,169.0,165.0,12.528,12.2256,193.0,193.0,169.0,4.0
2.0,166.0,151.0,17.4996,16.056,181.0,181.6,27.0,15.0
6.0,150.0,137.0,18.2412,0.1008,188.4,188.2,32.0,13.0
1.0,161.0,161.0,13.5036,13.4028,195.2,195.4,1511.0,0.0
3.0,156.0,148.0,13.1688,10.314,179.4,179.0,184.0,8.0
188.0,160.0,89.0,14.04,3.4596,175.4,177.8,1058.0,71.0
4.0,165.0,155.0,14.5116,10.6812,186.2,184.8,144.0,10.0
1.0,153.0,152.0,12.8988,12.8988,196.2,194.6,266.0,1.0
7.0,172.0,167.0,15.7212,2.2824,184.8,185.4,1195.0,5.0
14.0,152.0,102.0,13.8744,3.024,196.6,192.4,15.0,50.0
230.0,159.0,82.0,12.564,4.1976,182.6,185.0,85.0,77.0
1.0,162.0,161.0,15.048,12.4632,183.4,183.6,292.0,1.0
296.0,161.0,78.0,12.4632,2.8872,184.0,177.2,293.0,83.0
420.0,178.0,95.0,22.3056,4.7376,178.4,181.2,885.0,83.0
447.0,178.0,97.0,22.7736,3.3264,176.2,184.6,1505.0,81.0
333.0,159.0,74.0,13.3704,0.27,178.4,184.4,351.0,85.0
1007.0,148.0,75.0,13.536,0.504,181.8,184.6,605.0,73.0
138.0,173.0,110.0,15.6204,4.9032,182.2,182.2,1557.0,63.0
19.0,159.0,104.0,14.1084,0.0,102.0,118.6,30.0,55.0
103.0,169.0,112.0,13.6728,1.3428,161.4,170.6,1276.0,57.0
57.0,140.0,97.0,11.4192,0.1008,180.0,177.8,768.0,43.0
10.0,138.0,132.0,9.1368,0.0,187.0,188.6,1418.0,6.0
44.0,164.0,130.0,14.2416,0.3024,187.8,182.4,2895.0,34.0
129.0,156.0,79.0,13.4712,2.0844,184.4,178.6,548.0,77.0
424.0,146.0,82.0,14.1084,0.3348,176.6,177.0,653.0,64.0
130.0,164.0,111.0,13.1328,0.0,177.8,180.4,1621.0,53.0
108.0,165.0,119.0,12.0924,4.8708,185.0,161.2,2611.0,46.0
81.0,152.0,114.0,11.8908,3.5604,188.6,178.2,2706.0,38.0
37.0,206.0,164.0,12.798,5.4756,176.6,178.4,320.0,42.0
5.0,155.0,139.0,12.294,0.0,176.2,175.4,573.0,16.0
221.0,142.0,91.0,11.4552,4.3992,176.0,173.4,854.0,51.0
21.0,157.0,141.0,12.7296,5.0724,174.8,171.6,2632.0,16.0
4.0,150.0,149.0,11.3868,9.2052,171.4,173.4,146.0,1.0
6.0,158.0,147.0,13.1688,3.8952,163.0,165.8,369.0,11.0
46.0,172.0,137.0,10.8504,2.5848,177.2,173.6,816.0,35.0
170.0,164.0,107.0,12.4272,0.3024,172.4,178.6,1709.0,57.0
17.0,159.0,112.0,11.0844,0.0324,191.6,191.2,41.0,47.0
11.0,154.0,145.0,14.2092,0.0684,183.4,183.4,444.0,9.0
21.0,156.0,136.0,14.076,0.0,185.0,192.6,147.0,20.0
78.0,173.0,125.0,14.2776,3.4272,172.2,174.8,781.0,48.0
159.0,168.0,111.0,12.6972,0.3708,169.2,181.0,1138.0,57.0
346.0,178.0,124.0,13.9392,0.4356,177.2,189.0,1785.0,54.0
8.0,165.0,163.0,12.4632,1.5804,175.4,176.8,1884.0,2.0
536.0,171.0,112.0,13.032,0.0,170.0,180.4,1934.0,59.0
31.0,165.0,151.0,11.6208,0.2016,170.4,172.8,2203.0,14.0
174.0,172.0,120.0,12.9672,5.508,175.6,173.0,2391.0,52.0
125.0,171.0,127.0,12.1608,4.0644,168.0,174.8,2699.0,44.0
5.0,177.0,176.0,12.2616,7.5564,177.0,177.0,3333.0,1.0
65.0,164.0,120.0,12.3624,2.5524,172.0,166.4,1467.0,44.0
38.0,168.0,145.0,15.786,2.0844,171.0,170.8,1331.0,23.0
14.0,150.0,116.0,11.052,1.0404,180.6,181.6,149.0,34.0
17.0,157.0,144.0,14.0076,0.0324,176.0,174.4,1335.0,13.0
10.0,160.0,155.0,13.2696,0.0,185.2,189.2,2067.0,5.0
160.0,161.0,78.0,13.2696,5.004,164.6,173.0,384.0,83.0
215.0,176.0,108.0,15.8868,0.27,162.6,182.4,1622.0,68.0
20.0,161.0,145.0,12.528,0.0,176.0,177.6,2567.0,16.0
67.0,163.0,109.0,16.8948,0.3024,173.4,175.8,857.0,54.0
140.0,169.0,108.0,14.5116,2.0844,169.6,176.2,2095.0,61.0
46.0,165.0,140.0,12.8664,0.0,172.4,178.0,2656.0,25.0
20.0,156.0,134.0,12.7296,2.4192,180.6,189.2,272.0,22.0
17.0,155.0,130.0,12.9312,0.0324,174.2,194.2,325.0,25.0
16.0,151.0,131.0,13.032,0.0,184.8,186.2,377.0,20.0
7.0,152.0,144.0,13.3704,0.0,172.6,173.8,442.0,8.0
386.0,161.0,98.0,13.2012,4.77,174.2,187.6,278.0,63.0
117.0,164.0,117.0,18.7776,4.4676,186.8,181.0,439.0,47.0
107.0,167.0,127.0,18.306,9.9756,183.2,184.8,600.0,40.0
104.0,170.0,115.0,18.3744,3.1896,187.6,181.0,771.0,55.0
5.0,119.0,123.0,10.2456,7.5564,181.6,182.2,776.0,-4.0
106.0,171.0,120.0,18.306,4.0968,175.8,182.2,947.0,51.0
104.0,173.0,124.0,18.1044,4.8024,183.6,181.6,1111.0,49.0
231.0,173.0,102.0,19.8864,3.4596,190.0,182.6,1277.0,71.0
1386.0,124.0,89.0,14.2416,0.0,186.4,197.0,1296.0,35.0
7.0,144.0,137.0,11.6568,0.0,178.4,179.4,1419.0,7.0
5.0,140.0,134.0,11.4192,10.7496,154.6,154.6,257.0,6.0
111.0,167.0,110.0,12.564,2.6532,162.6,155.4,1034.0,57.0
179.0,176.0,111.0,17.0964,0.4356,157.0,162.2,1670.0,65.0
216.0,173.0,114.0,13.8744,2.6856,182.0,176.8,2223.0,59.0
388.0,159.0,73.0,14.5116,0.6732,184.0,176.4,330.0,86.0
55.0,171.0,119.0,21.06,0.1332,176.8,175.6,404.0,52.0
103.0,175.0,118.0,20.2536,5.2416,179.8,177.0,562.0,57.0
134.0,170.0,108.0,18.81,3.4596,179.8,174.4,822.0,62.0
181.0,175.0,112.0,19.5156,3.528,180.8,177.4,1169.0,63.0
146.0,173.0,117.0,18.0396,3.6288,179.0,179.6,1440.0,56.0
101.0,174.0,131.0,19.1124,2.2824,171.6,181.2,1612.0,43.0
637.0,178.0,102.0,23.9508,0.0,179.2,177.6,1679.0,76.0
265.0,160.0,105.0,14.6448,0.0,175.8,180.4,1888.0,55.0
549.0,160.0,94.0,15.5196,4.6008,181.2,192.4,1986.0,66.0
32.0,149.0,123.0,11.9592,0.27,157.8,161.0,1535.0,26.0
31.0,160.0,102.0,10.8504,0.1332,173.6,169.8,153.0,58.0
15.0,158.0,110.0,14.7132,0.0,139.6,142.8,33.0,48.0
5.0,151.0,133.0,14.2776,3.0564,164.2,166.4,91.0,18.0
26.0,161.0,133.0,14.7816,0.0684,231.6,205.0,243.0,28.0
12.0,168.0,159.0,13.8744,2.9556,177.2,172.8,1225.0,9.0
500.0,163.0,81.0,12.6288,0.27,139.4,173.2,233.0,82.0
32.0,173.0,128.0,21.4308,0.0324,175.4,174.4,270.0,45.0
29.0,169.0,138.0,19.6848,2.4192,185.2,175.8,307.0,31.0
33.0,169.0,141.0,20.1888,2.9232,177.0,177.0,382.0,28.0
73.0,169.0,124.0,18.3744,1.782,173.0,175.4,460.0,45.0
62.0,174.0,124.0,19.314,3.4272,179.0,177.6,537.0,50.0
140.0,172.0,111.0,18.5436,0.3708,162.6,175.2,697.0,61.0
170.0,164.0,118.0,13.9752,0.3024,164.8,170.4,2216.0,46.0
134.0,163.0,122.0,14.5116,0.2016,172.4,167.8,3015.0,41.0
1.0,152.0,152.0,19.0476,19.6164,209.4,208.2,156.0,0.0
2.0,153.0,150.0,13.3704,13.2696,220.0,217.2,276.0,3.0
31.0,149.0,111.0,11.016,0.0324,202.2,194.0,386.0,38.0
11.0,151.0,136.0,14.5116,0.0,182.4,183.4,445.0,15.0
10.0,173.0,167.0,17.2656,10.314,177.0,200.0,1372.0,6.0
63.0,157.0,83.0,13.2336,4.3668,156.6,165.6,102.0,74.0
435.0,158.0,82.0,14.9148,3.8304,170.4,176.4,218.0,76.0
188.0,167.0,97.0,20.1204,4.5,174.2,171.4,540.0,70.0
124.0,149.0,108.0,16.2576,4.032,171.4,180.6,606.0,41.0
183.0,153.0,91.0,14.31,3.3588,169.6,177.2,679.0,62.0
11.0,141.0,133.0,10.3464,5.544,171.2,171.6,995.0,8.0
35.0,143.0,123.0,10.782,0.0,174.2,174.4,1017.0,20.0
963.0,168.0,92.0,18.342,3.9636,177.8,179.2,1259.0,76.0
22.0,143.0,124.0,12.06,0.1332,176.2,181.4,1468.0,19.0
5.0,149.0,145.0,13.032,6.6168,181.8,181.8,1734.0,4.0
17.0,161.0,131.0,14.3424,0.2016,189.6,183.6,109.0,30.0
321.0,176.0,101.0,15.318,0.4716,189.0,187.8,1290.0,75.0
362.0,176.0,118.0,14.4108,4.9392,178.6,175.6,2222.0,58.0
4.0,111.0,109.0,10.2132,9.3708,194.6,195.8,45.0,2.0
31.0,139.0,103.0,13.2696,0.2016,218.8,219.4,174.0,36.0
14.0,145.0,121.0,13.6044,0.0,190.6,186.2,406.0,24.0
13.0,165.0,149.0,13.806,0.0324,201.6,194.4,1454.0,16.0
5.0,162.0,150.0,11.52,3.6612,170.4,170.6,190.0,12.0
47.0,162.0,92.0,12.528,0.1008,173.8,175.4,302.0,70.0
542.0,163.0,44.0,16.5924,0.1008,180.6,180.4,2474.0,119.0
70.0,151.0,109.0,13.2696,0.0684,189.0,181.0,1352.0,42.0
16.0,161.0,121.0,12.528,2.2176,172.4,170.2,141.0,40.0
52.0,156.0,68.0,11.556,0.0,158.4,160.8,205.0,88.0
51.0,142.0,96.0,10.8144,0.234,165.8,171.0,412.0,46.0
416.0,163.0,126.0,13.7736,0.2016,177.6,178.4,3236.0,37.0
6.0,164.0,163.0,12.3624,4.266,180.2,180.4,3429.0,1.0
155.0,162.0,75.0,11.1528,4.032,318.2,186.2,285.0,87.0
21.0,154.0,104.0,13.6368,1.746,182.2,182.0,312.0,50.0
90.0,153.0,90.0,15.6204,0.234,187.8,188.0,361.0,63.0
59.0,153.0,86.0,13.9392,4.5,174.2,175.2,424.0,67.0
623.0,173.0,103.0,19.6164,4.1328,188.2,179.6,2443.0,70.0
204.0,170.0,105.0,14.6124,0.3024,170.6,176.6,1777.0,65.0
20.0,162.0,152.0,13.6368,4.1652,180.2,173.4,2035.0,10.0
29.0,157.0,135.0,12.3948,4.3344,165.8,165.0,2056.0,22.0
38.0,166.0,142.0,13.7052,5.1732,166.0,175.6,2383.0,24.0
7.0,147.0,145.0,8.9352,7.6572,176.4,185.8,2420.0,2.0
129.0,154.0,119.0,11.8584,0.1692,179.6,191.8,2442.0,35.0
5.0,162.0,162.0,14.4108,0.0,226.2,228.8,2513.0,0.0
4.0,161.0,159.0,10.782,10.2456,220.0,215.6,2518.0,2.0
20.0,160.0,149.0,13.3344,0.0,215.4,190.4,2531.0,11.0
4.0,161.0,158.0,13.1688,4.77,212.8,208.6,2570.0,3.0
6.0,160.0,153.0,11.8908,2.9232,200.4,195.6,2577.0,7.0
2.0,163.0,162.0,11.016,9.4716,212.6,208.6,2792.0,1.0
55.0,163.0,134.0,10.9836,0.27,202.2,199.2,2851.0,29.0
14.0,164.0,157.0,12.9312,3.0564,191.2,183.8,3853.0,7.0
177.0,165.0,120.0,12.7296,0.2016,184.6,182.0,3972.0,45.0
16.0,122.0,94.0,10.278,0.0,194.2,198.8,165.0,28.0
12.0,160.0,107.0,11.4552,0.0,179.6,197.8,36.0,53.0
5.0,160.0,147.0,15.1164,3.3912,188.8,186.4,90.0,13.0
20.0,163.0,139.0,15.2172,0.1008,198.6,197.4,249.0,24.0
4.0,149.0,150.0,13.6044,3.3588,178.6,178.4,408.0,-1.0
5.0,161.0,163.0,14.2776,6.7176,177.0,174.0,1238.0,-2.0
234.0,162.0,55.0,13.2012,4.3668,182.8,184.2,524.0,107.0
449.0,162.0,63.0,13.9068,0.27,177.6,180.4,706.0,99.0
6.0,168.0,166.0,19.2132,10.2132,169.4,170.4,818.0,2.0
7.0,156.0,143.0,10.1772,0.3024,171.8,174.0,898.0,13.0
26.0,160.0,147.0,10.9152,0.3348,176.4,178.6,1092.0,13.0
31.0,158.0,115.0,10.6812,0.1692,175.2,175.0,1284.0,43.0
48.0,145.0,114.0,11.1168,0.0684,182.4,177.8,1474.0,31.0
31.0,158.0,142.0,10.4148,2.2824,170.2,175.4,1666.0,16.0
37.0,139.0,130.0,11.2176,2.3508,179.8,180.0,1852.0,9.0
35.0,124.0,139.0,11.1852,0.0,167.8,170.6,2038.0,-15.0
199.0,140.0,64.0,15.1164,0.2016,178.6,181.8,21.0,76.0
257.0,61.0,64.0,0.0,0.234,183.0,187.0,25.0,-3.0
631.0,168.0,95.0,13.7052,5.4756,180.4,188.2,1900.0,73.0
14.0,162.0,150.0,12.7296,0.504,195.0,190.6,2261.0,12.0
3.0,162.0,163.0,13.1328,12.7656,197.6,196.2,2732.0,-1.0
141.0,164.0,121.0,14.0076,0.3024,176.2,183.2,3282.0,43.0
428.0,166.0,110.0,12.798,0.1332,181.6,188.8,3946.0,56.0
21.0,150.0,122.0,13.3704,0.0,164.0,164.8,1334.0,28.0
6.0,149.0,146.0,13.3344,5.4756,175.6,173.8,1613.0,3.0
21.0,159.0,142.0,12.798,3.3264,176.8,176.2,2255.0,17.0
2.0,155.0,151.0,13.6044,11.9232,176.4,176.8,122.0,4.0
15.0,161.0,129.0,14.076,0.0,187.8,184.6,367.0,32.0
8.0,168.0,162.0,14.9472,4.9392,198.2,197.8,712.0,6.0
6.0,167.0,165.0,14.544,8.1972,182.0,187.0,922.0,2.0
349.0,174.0,111.0,14.6808,0.234,172.8,190.0,1395.0,63.0
11.0,174.0,167.0,14.04,0.0324,189.2,188.0,1829.0,7.0
418.0,180.0,119.0,14.9796,2.754,183.6,182.2,2440.0,61.0
144.0,167.0,134.0,13.1004,0.1008,178.0,190.4,2649.0,33.0
147.0,169.0,128.0,13.032,0.2016,179.4,177.0,3054.0,41.0
27.0,166.0,150.0,12.3948,3.9636,190.6,184.6,3353.0,16.0
293.0,166.0,110.0,10.9152,0.1332,173.4,186.6,3650.0,56.0
9.0,166.0,160.0,12.1608,0.1332,212.2,199.0,4155.0,6.0
25.0,165.0,153.0,11.52,0.1008,216.4,206.8,4239.0,12.0
9.0,158.0,154.0,11.556,2.4192,216.2,213.0,4340.0,4.0
11.0,160.0,127.0,11.0844,0.0,178.0,181.8,56.0,33.0
32.0,148.0,108.0,11.8584,0.2016,173.4,185.6,72.0,40.0
4.0,154.0,148.0,11.9232,6.048,152.2,152.6,386.0,6.0
4.0,152.0,147.0,11.6208,7.5564,183.2,183.2,659.0,5.0
559.0,144.0,114.0,5.3064,0.2016,177.4,193.8,688.0,30.0
73.0,159.0,90.0,13.2336,0.1332,175.2,166.0,823.0,69.0
158.0,169.0,109.0,15.9228,5.1048,171.8,177.6,1738.0,60.0
282.0,172.0,113.0,15.8868,2.5848,166.8,176.6,2660.0,59.0
66.0,149.0,105.0,10.314,0.0,168.2,170.4,2731.0,44.0
139.0,167.0,104.0,17.568,4.0968,176.0,172.8,3035.0,63.0
170.0,166.0,99.0,14.2092,0.234,158.4,175.2,2268.0,67.0
3.0,167.0,165.0,15.0804,5.4432,176.2,176.2,3628.0,2.0
728.0,170.0,78.0,13.9392,3.8952,182.6,176.8,3858.0,92.0
9.0,166.0,161.0,14.5116,3.492,183.2,179.4,4266.0,5.0
29.0,122.0,88.0,11.3184,0.0324,199.0,188.8,184.0,34.0
34.0,139.0,107.0,10.8504,0.0,217.4,202.4,382.0,32.0
31.0,155.0,116.0,15.822,0.1008,180.8,183.2,484.0,39.0
5.0,163.0,160.0,14.6808,9.774,178.2,188.2,1290.0,3.0
11.0,159.0,126.0,13.302,3.3912,173.0,171.8,139.0,33.0
17.0,155.0,136.0,13.4028,2.0484,163.4,160.2,1564.0,19.0
32.0,162.0,134.0,13.7376,2.6532,180.6,182.4,1575.0,28.0
47.0,159.0,127.0,13.4712,0.0324,169.8,170.8,2227.0,32.0
288.0,159.0,100.0,12.0924,3.4272,175.0,189.8,2563.0,59.0
10.0,153.0,146.0,13.9392,0.2016,181.2,183.8,2675.0,7.0
13.0,148.0,134.0,10.0116,0.0324,192.8,185.6,2730.0,14.0
26.0,154.0,137.0,11.556,0.0684,175.0,179.6,3121.0,17.0
239.0,161.0,102.0,11.1852,4.536,177.0,170.8,3291.0,59.0
11.0,158.0,148.0,12.7296,0.3024,169.0,169.8,3724.0,10.0
74.0,158.0,111.0,13.302,4.77,171.6,179.8,3963.0,47.0
157.0,167.0,112.0,14.1768,0.3348,172.2,173.0,5065.0,55.0
58.0,165.0,137.0,13.6368,0.0684,174.6,176.4,5643.0,28.0
6.0,155.0,135.0,13.6728,4.4676,174.2,170.4,93.0,20.0
3.0,160.0,149.0,15.318,11.7216,151.8,150.2,148.0,11.0
6.0,157.0,146.0,11.0844,6.2136,204.8,192.4,262.0,11.0
30.0,156.0,126.0,15.3828,0.0684,178.2,172.0,420.0,30.0
12.0,155.0,141.0,13.2336,0.2016,179.0,184.0,1304.0,14.0
9.0,153.0,144.0,13.1328,0.0,181.2,181.4,1413.0,9.0
49.0,157.0,127.0,12.294,0.1692,166.6,165.6,1842.0,30.0
67.0,144.0,111.0,14.076,2.4516,169.4,166.0,1873.0,33.0
20.0,129.0,80.0,9.7092,0.0,194.8,186.6,48.0,49.0
8.0,145.0,118.0,12.3264,0.0,186.8,181.8,176.0,27.0
45.0,140.0,84.0,11.6892,0.0,198.6,195.6,298.0,56.0
6.0,148.0,144.0,12.6648,6.6852,195.6,193.6,1395.0,4.0
14.0,154.0,138.0,14.6448,0.0684,180.0,181.8,1501.0,16.0
22.0,156.0,84.0,15.4188,0.234,200.6,201.8,8.0,72.0
13.0,169.0,169.0,12.9672,1.7136,175.4,174.4,139.0,0.0
69.0,157.0,75.0,11.8908,0.6732,165.6,165.0,343.0,82.0
12.0,166.0,145.0,17.7372,0.2016,174.0,172.4,513.0,21.0
41.0,153.0,104.0,11.1528,0.1332,173.6,176.8,1605.0,49.0
107.0,163.0,96.0,14.7816,3.6612,159.4,175.0,409.0,67.0
12.0,162.0,157.0,12.8988,0.0,179.0,178.4,2060.0,5.0
20.0,129.0,107.0,12.7656,0.0,197.4,200.6,37.0,22.0
20.0,145.0,113.0,13.4028,0.0,200.4,189.2,155.0,32.0
4.0,141.0,138.0,12.798,12.294,206.4,205.2,277.0,3.0
5.0,142.0,139.0,13.5036,8.8344,170.8,171.6,450.0,3.0
7.0,160.0,151.0,13.3704,2.988,168.0,169.4,1320.0,9.0
2.0,140.0,139.0,12.564,12.3948,168.2,168.0,1535.0,1.0
290.0,183.0,84.0,22.068,0.3024,178.6,179.6,842.0,99.0
14.0,157.0,129.0,13.068,0.27,177.2,179.4,961.0,28.0
2.0,158.0,158.0,12.6648,12.528,169.2,169.2,134.0,0.0
2.0,153.0,152.0,12.7656,12.6972,159.0,158.8,1245.0,1.0
4.0,154.0,143.0,12.6288,4.3668,150.4,150.0,313.0,11.0
86.0,147.0,89.0,13.4712,0.3024,154.2,163.2,669.0,58.0
3.0,150.0,145.0,13.572,10.1448,161.4,161.4,1824.0,5.0
10.0,137.0,128.0,11.6568,0.0,156.6,158.4,2141.0,9.0
36.0,171.0,126.0,15.048,0.0684,182.6,177.0,1067.0,45.0
31.0,150.0,103.0,14.2776,0.1692,172.2,170.4,366.0,47.0
2.0,157.0,157.0,13.9068,13.536,168.8,169.0,2060.0,0.0
3.0,164.0,160.0,14.31,13.4028,173.4,173.2,55.0,4.0
25.0,161.0,139.0,13.1328,0.0,175.4,174.4,1767.0,22.0
26.0,159.0,145.0,13.2696,3.3588,170.2,165.8,1873.0,14.0
2.0,161.0,161.0,12.4632,12.3624,173.8,173.4,3294.0,0.0
8.0,155.0,157.0,12.4956,3.4272,163.6,163.6,3489.0,-2.0
5.0,167.0,164.0,14.6124,3.8304,174.8,175.6,1072.0,3.0
184.0,159.0,89.0,14.4432,0.1692,184.8,187.2,499.0,70.0
59.0,171.0,117.0,19.6848,0.1332,179.8,182.2,575.0,54.0
58.0,173.0,136.0,20.7252,0.234,184.6,187.8,647.0,37.0
59.0,170.0,129.0,19.1448,2.1816,176.0,183.0,798.0,41.0
53.0,172.0,135.0,18.7776,2.3832,180.8,183.8,878.0,37.0
54.0,174.0,137.0,19.314,2.3832,175.4,177.2,956.0,37.0
54.0,173.0,139.0,18.81,2.1492,184.4,177.8,1035.0,34.0
1074.0,178.0,97.0,20.826,0.0,194.6,173.2,1109.0,81.0
879.0,160.0,142.0,13.3704,18.81,177.2,175.4,1338.0,18.0
432.0,158.0,89.0,13.3344,4.9032,164.8,177.2,1379.0,69.0
3.0,157.0,151.0,12.564,3.3588,155.6,153.0,1607.0,6.0
23.0,168.0,131.0,14.4432,0.0,165.4,160.4,1709.0,37.0
212.0,166.0,94.0,14.2416,0.27,176.0,188.0,1779.0,72.0
3.0,169.0,166.0,13.5036,13.2336,186.4,186.0,3314.0,3.0
29.0,160.0,158.0,16.0236,0.0,159.0,163.6,118.0,2.0
6.0,160.0,164.0,14.5116,0.0324,171.2,170.0,1017.0,-4.0
16.0,159.0,119.0,13.8384,0.0324,240.2,244.2,85.0,40.0
11.0,168.0,160.0,13.8384,3.8952,168.6,170.4,1146.0,8.0
3.0,162.0,157.0,11.9916,9.9108,162.2,162.4,138.0,5.0
13.0,148.0,133.0,12.9996,3.024,171.6,174.0,610.0,15.0
12.0,149.0,132.0,12.564,0.0,162.2,168.2,1239.0,17.0
899.0,160.0,47.0,12.7656,5.1732,180.2,179.6,154.0,113.0
7.0,159.0,148.0,11.4192,2.1492,174.8,175.2,546.0,11.0
20.0,163.0,160.0,11.8584,0.0,185.4,200.4,1720.0,3.0
4.0,162.0,162.0,12.6648,4.1976,177.8,177.8,2032.0,0.0
5.0,159.0,159.0,12.4956,3.9636,165.2,168.6,2088.0,0.0
5.0,163.0,158.0,12.1932,3.6288,176.2,177.4,2146.0,5.0
21.0,164.0,164.0,11.6892,0.1008,195.6,201.0,2558.0,0.0
5.0,163.0,160.0,12.06,1.746,195.4,197.4,2366.0,3.0
28.0,190.0,190.0,13.7052,0.6048,168.2,172.4,174.0,0.0
23.0,149.0,99.0,14.0076,7.3224,197.0,213.0,27.0,50.0
4.0,164.0,168.0,13.7052,11.9232,194.2,191.2,233.0,-4.0
3.0,162.0,162.0,12.2616,11.9592,172.4,173.4,1629.0,0.0
28.0,162.0,107.0,12.5964,0.1008,161.0,166.8,144.0,55.0
24.0,156.0,124.0,12.6972,3.4596,178.6,179.6,958.0,32.0
45.0,163.0,136.0,14.2416,0.0,171.0,205.2,1634.0,27.0
4.0,160.0,149.0,10.8144,3.9312,175.2,169.8,152.0,11.0
31.0,160.0,87.0,12.294,0.0,169.6,173.4,206.0,73.0
15.0,164.0,164.0,15.048,0.0,166.6,186.2,123.0,0.0
5.0,155.0,145.0,13.6728,5.1732,183.2,183.4,960.0,10.0
30.0,163.0,148.0,14.2776,0.234,176.6,194.8,1060.0,15.0
6.0,157.0,152.0,12.564,1.746,164.8,166.2,1633.0,5.0
15.0,166.0,121.0,12.798,0.0684,159.8,156.8,144.0,45.0
14.0,166.0,119.0,13.4352,0.0,155.0,153.8,202.0,47.0
19.0,143.0,126.0,11.9232,1.7136,165.8,168.4,1802.0,17.0
6.0,167.0,167.0,13.7376,0.0,206.0,205.8,22.0,0.0
7.0,153.0,152.0,12.1248,0.3348,199.8,199.4,978.0,1.0
11.0,158.0,149.0,12.9312,0.1692,198.4,195.8,2014.0,9.0
5.0,147.0,148.0,12.06,0.4356,203.8,204.0,3004.0,-1.0
2.0,153.0,153.0,10.7496,9.1692,205.0,204.2,3213.0,0.0
2423.0,158.0,69.0,11.1852,0.1332,214.6,225.2,826.0,89.0
2.0,165.0,165.0,14.1768,14.1084,190.4,190.4,73.0,0.0
15.0,163.0,144.0,14.4792,10.6488,139.6,134.8,241.0,19.0
37.0,164.0,107.0,10.4472,8.262,170.2,174.4,283.0,57.0
9.0,158.0,150.0,13.7736,11.3184,155.8,155.2,428.0,8.0
14.0,162.0,149.0,13.9392,4.6368,158.0,156.0,696.0,13.0
52.0,161.0,116.0,14.1768,4.5,127.0,150.0,1124.0,45.0
19.0,154.0,138.0,12.7656,0.0324,163.2,164.6,1234.0,16.0
15.0,159.0,151.0,13.4712,0.0324,143.2,146.6,2012.0,8.0
57.0,163.0,122.0,13.032,0.2016,172.0,169.6,2171.0,41.0
46.0,146.0,115.0,13.8384,0.1008,166.6,167.0,2205.0,31.0
56.0,155.0,111.0,12.6972,4.7376,173.0,177.0,2298.0,44.0
553.0,137.0,97.0,12.3948,3.3264,180.2,182.8,2338.0,40.0
28.0,152.0,127.0,13.2696,0.1692,188.0,187.4,2457.0,25.0
20.0,153.0,140.0,11.1852,0.0,173.0,172.4,2697.0,13.0
131.0,146.0,98.0,11.556,0.0684,188.2,187.6,2827.0,48.0
4.0,161.0,158.0,13.6044,7.524,156.8,157.6,3159.0,3.0
1244.0,157.0,83.0,9.9756,0.9756,160.0,183.4,3165.0,74.0
9.0,162.0,156.0,12.0924,0.0,182.8,182.0,3580.0,6.0
25.0,156.0,136.0,12.2616,0.3024,176.2,176.2,3924.0,20.0
26.0,156.0,141.0,11.52,0.0,180.0,181.6,4533.0,15.0
20.0,159.0,143.0,11.6208,0.1332,177.8,178.6,4651.0,16.0
25.0,140.0,131.0,8.3628,0.0,183.0,184.2,4665.0,9.0
14.0,160.0,152.0,12.3624,0.0324,196.6,199.6,5011.0,8.0
10.0,159.0,156.0,11.8908,0.1692,210.0,207.4,5091.0,3.0
27.0,161.0,148.0,11.52,0.1692,200.8,201.8,5356.0,13.0
10.0,165.0,159.0,12.2256,0.1008,166.0,166.0,5479.0,6.0
111.0,145.0,73.0,13.9068,0.27,179.6,189.8,742.0,72.0
119.0,155.0,72.0,14.4792,0.1008,168.0,177.0,832.0,83.0
124.0,152.0,72.0,14.04,0.1008,180.2,181.6,931.0,80.0
324.0,152.0,67.0,14.544,0.1332,171.2,174.4,1113.0,85.0
56.0,164.0,89.0,13.9392,0.1332,163.4,163.8,358.0,75.0
6.0,146.0,141.0,12.06,7.0884,179.4,179.6,1506.0,5.0
28.0,147.0,119.0,12.4956,0.1008,183.8,186.0,1543.0,28.0
35.0,165.0,134.0,16.2252,0.4716,157.6,166.0,1022.0,31.0
7.0,165.0,157.0,13.4712,4.7376,170.0,174.0,119.0,8.0
166.0,167.0,79.0,14.31,0.5364,165.2,170.2,175.0,88.0
14.0,141.0,116.0,10.4796,1.9152,168.0,168.0,929.0,25.0
530.0,135.0,73.0,10.8828,0.4032,171.4,180.2,1996.0,62.0
87.0,114.0,87.0,29.124,1.1088,180.0,177.4,2012.0,27.0
381.0,106.0,79.0,29.4912,0.6732,178.6,165.2,2027.0,27.0
45.0,133.0,124.0,29.6928,0.0684,171.6,173.2,2042.0,9.0
56.0,172.0,123.0,30.2976,1.512,176.2,179.6,2056.0,49.0
73.0,170.0,125.0,29.9952,2.2824,176.8,181.4,2071.0,45.0
1103.0,154.0,89.0,30.9024,4.7016,177.2,190.8,2087.0,65.0
4.0,166.0,151.0,11.4876,9.5724,168.8,168.8,2254.0,15.0
8.0,156.0,130.0,10.3464,0.3024,173.0,174.2,2266.0,26.0
277.0,150.0,90.0,10.9152,3.492,177.0,187.4,2307.0,60.0
154.0,159.0,89.0,15.4188,1.3788,153.2,147.4,436.0,70.0
35.0,165.0,144.0,15.8868,2.2176,167.2,169.0,1595.0,21.0
42.0,155.0,135.0,13.536,0.0684,163.0,170.8,1987.0,20.0
12.0,156.0,148.0,13.536,3.1248,167.6,168.8,2755.0,8.0
21.0,145.0,126.0,12.4956,0.5364,183.6,183.6,1678.0,19.0
4.0,161.0,161.0,17.0964,15.1488,181.0,177.8,26.0,0.0
1.0,188.0,178.0,14.076,13.806,187.8,187.6,88.0,10.0
33.0,173.0,96.0,13.1004,0.0684,175.6,181.8,133.0,77.0
3.0,194.0,185.0,15.2496,14.9472,180.0,183.8,229.0,9.0
37.0,164.0,134.0,15.8868,0.4356,187.2,187.4,1042.0,30.0
7.0,166.0,166.0,13.8744,3.8628,188.4,191.4,111.0,0.0
39.0,160.0,121.0,14.2416,2.6856,163.4,181.8,854.0,39.0
3.0,152.0,152.0,13.6044,13.302,330.0,325.6,1522.0,0.0
46.0,165.0,94.0,11.8908,0.0,159.0,166.2,743.0,71.0
23.0,170.0,125.0,13.6044,0.0324,175.6,179.8,1698.0,45.0
26.0,166.0,104.0,11.016,0.0,164.2,160.8,127.0,62.0
4.0,157.0,153.0,15.0156,0.0,152.6,151.6,737.0,4.0
3.0,150.0,147.0,14.076,0.0,170.6,170.2,1127.0,3.0
64.0,160.0,99.0,13.8744,5.4756,176.2,181.8,1230.0,61.0
49.0,160.0,105.0,15.5196,0.0,202.8,206.2,1459.0,55.0
18.0,154.0,136.0,14.1084,2.6856,182.6,177.2,1116.0,18.0
52.0,162.0,118.0,13.7376,4.0644,198.8,190.6,1766.0,44.0
38.0,170.0,137.0,15.4188,3.0564,151.2,189.0,3285.0,33.0
27.0,165.0,105.0,13.7052,0.1008,170.8,176.2,234.0,60.0
25.0,149.0,118.0,12.8664,0.4032,189.2,178.0,870.0,31.0
4.0,133.0,129.0,12.2616,6.3828,175.2,175.4,1515.0,4.0
12.0,146.0,128.0,13.4352,0.0,179.8,182.0,1604.0,18.0
14.0,167.0,139.0,13.7052,0.774,178.0,174.0,198.0,28.0
66.0,158.0,93.0,13.9392,0.0,171.4,178.2,706.0,65.0
8.0,160.0,143.0,11.6892,0.1692,182.0,181.8,1430.0,17.0
26.0,177.0,154.0,17.334,3.5604,179.6,188.0,1573.0,23.0
134.0,169.0,99.0,18.81,0.2016,178.8,182.8,777.0,70.0
35.0,152.0,124.0,13.9068,3.6288,178.2,177.0,989.0,28.0
32.0,168.0,145.0,13.1688,4.1976,157.8,165.6,2123.0,23.0
14.0,168.0,164.0,12.6288,0.1692,153.4,171.4,126.0,4.0
5.0,168.0,167.0,13.302,12.4956,169.2,175.4,228.0,1.0
4.0,162.0,162.0,14.6448,14.2092,164.2,161.6,862.0,0.0
1.0,148.0,148.0,12.6648,12.8664,186.8,187.6,934.0,0.0
28.0,155.0,143.0,15.2172,0.1008,175.4,171.2,1053.0,12.0
15.0,143.0,128.0,12.0924,0.0684,184.4,191.8,1804.0,15.0
36.0,142.0,109.0,12.4632,0.1008,182.8,182.4,1949.0,33.0
27.0,167.0,128.0,14.814,1.4436,162.2,159.8,442.0,39.0
16.0,171.0,134.0,11.52,0.0,143.8,148.2,139.0,37.0
72.0,165.0,99.0,15.3828,2.3832,168.8,172.0,848.0,66.0
13.0,154.0,142.0,12.9312,0.0,162.8,161.0,1587.0,12.0
3.0,144.0,143.0,13.032,11.4876,159.2,158.0,1599.0,1.0
21.0,152.0,134.0,11.7216,0.1008,130.2,128.6,1730.0,18.0
8.0,156.0,132.0,11.8224,0.0,153.6,156.4,143.0,24.0
13.0,158.0,145.0,16.56,0.0,188.8,179.8,743.0,13.0
8.0,157.0,151.0,13.1328,0.4032,177.2,174.4,1983.0,6.0
23.0,151.0,129.0,13.6368,0.0324,160.4,161.8,650.0,22.0
74.0,160.0,103.0,14.5116,0.5364,187.8,215.0,1345.0,57.0
9.0,166.0,137.0,8.766,0.0,186.8,185.2,180.0,29.0
22.0,156.0,106.0,12.6972,0.0,175.2,174.8,214.0,50.0
47.0,142.0,98.0,4.7376,0.0,177.2,180.2,301.0,44.0
23.0,148.0,140.0,10.0764,0.4032,178.2,173.4,383.0,8.0
91.0,161.0,97.0,14.6448,0.4356,181.6,183.8,1520.0,64.0
13.0,155.0,144.0,13.6044,0.2016,152.6,159.2,2963.0,11.0
94.0,163.0,100.0,16.326,0.504,390.2,188.0,1061.0,63.0
51.0,172.0,122.0,15.5196,0.0684,182.2,185.8,1981.0,50.0
40.0,167.0,111.0,15.6528,0.3024,187.6,180.4,122.0,56.0
39.0,168.0,145.0,15.786,0.1008,167.0,169.8,984.0,23.0
27.0,167.0,119.0,14.076,0.0,175.4,174.2,123.0,48.0
71.0,166.0,76.0,14.58,0.0324,174.4,175.8,177.0,90.0
34.0,158.0,127.0,15.048,2.2824,181.0,183.0,677.0,31.0
762.0,159.0,93.0,15.1488,0.0324,175.8,181.0,1337.0,66.0
31.0,154.0,130.0,15.282,0.1008,179.4,177.8,1422.0,24.0
54.0,151.0,106.0,16.326,0.1332,176.0,179.6,1489.0,45.0
70.0,156.0,94.0,12.8988,0.1008,174.4,179.6,1577.0,62.0
696.0,160.0,78.0,17.334,0.1692,179.8,188.4,1616.0,82.0
537.0,163.0,93.0,15.7536,0.4356,185.2,237.2,1978.0,70.0
363.0,156.0,87.0,13.6044,0.4032,181.8,182.4,2156.0,69.0
16.0,142.0,134.0,15.4188,0.0684,184.6,181.6,2197.0,8.0
2.0,150.0,152.0,13.572,13.5036,184.4,184.4,2494.0,-2.0
46.0,165.0,84.0,11.5884,0.0324,175.2,176.2,136.0,81.0
88.0,154.0,63.0,10.6128,0.0324,183.4,183.6,163.0,91.0
86.0,144.0,65.0,9.0036,0.1692,179.4,181.2,237.0,79.0
10.0,129.0,123.0,11.052,0.0,178.8,180.6,274.0,6.0
316.0,145.0,67.0,15.4512,0.1008,182.6,184.2,443.0,78.0
23.0,145.0,125.0,12.798,0.27,186.4,188.4,590.0,20.0
50.0,142.0,95.0,11.8224,0.0684,184.4,180.6,654.0,47.0
273.0,148.0,80.0,13.2696,3.4272,180.8,186.6,740.0,68.0
11.0,145.0,138.0,12.528,0.0,178.4,179.6,1128.0,7.0
29.0,141.0,110.0,11.9916,0.0684,174.0,176.6,1214.0,31.0
250.0,154.0,79.0,10.314,2.2176,178.2,179.8,1440.0,75.0
51.0,147.0,84.0,14.3424,0.234,177.0,176.0,1633.0,63.0
21.0,155.0,109.0,12.4632,0.0684,192.0,186.0,36.0,46.0
7.0,157.0,128.0,12.8304,0.0324,184.0,184.2,48.0,29.0
20.0,165.0,123.0,12.1248,0.0324,179.2,179.4,68.0,42.0
84.0,157.0,87.0,9.81,0.0,176.2,183.4,126.0,70.0
74.0,161.0,102.0,15.3504,0.1008,180.2,182.0,261.0,59.0
11.0,154.0,124.0,15.048,0.0324,180.2,180.0,272.0,30.0
77.0,160.0,89.0,13.7376,0.1692,183.0,207.8,327.0,71.0
51.0,122.0,86.0,12.7656,0.1008,198.0,194.2,341.0,36.0
81.0,157.0,75.0,16.3908,0.1692,163.2,204.4,56.0,82.0
186.0,144.0,59.0,14.6808,5.8464,173.8,176.8,97.0,85.0
398.0,155.0,88.0,15.318,0.3348,164.2,192.4,271.0,67.0
129.0,127.0,76.0,16.1568,0.1332,184.0,177.8,297.0,51.0
184.0,89.0,72.0,13.1004,0.234,176.4,179.2,306.0,17.0
29.0,110.0,103.0,14.4108,0.1008,171.4,172.6,330.0,7.0
34.0,149.0,124.0,14.076,0.1332,176.4,177.4,428.0,25.0
37.0,154.0,129.0,15.318,0.1008,166.0,165.4,590.0,25.0
9.0,156.0,147.0,11.0844,0.0324,167.6,165.0,940.0,9.0
338.0,147.0,85.0,15.2172,0.3348,167.0,178.8,950.0,62.0
62.0,161.0,112.0,12.06,0.4032,171.2,175.0,1466.0,49.0
217.0,161.0,83.0,15.1812,0.4356,167.2,168.4,1639.0,78.0
452.0,158.0,79.0,13.9752,0.1332,174.2,173.0,1773.0,79.0
45.0,138.0,118.0,12.4956,13.7052,171.8,174.8,1806.0,20.0
31.0,120.0,100.0,9.9108,0.0,174.8,173.0,1808.0,20.0
58.0,152.0,89.0,16.794,0.0684,170.6,171.8,1886.0,63.0
160.0,155.0,78.0,9.5724,0.0684,174.2,173.6,1968.0,77.0
4.0,136.0,136.0,4.1976,0.234,174.2,174.0,1993.0,0.0
79.0,152.0,94.0,13.068,0.1332,170.6,168.4,2073.0,58.0
308.0,161.0,70.0,14.3424,0.234,172.6,167.4,2235.0,91.0
29.0,154.0,127.0,14.2776,4.0968,174.8,173.0,2349.0,27.0
110.0,150.0,93.0,9.8748,0.0684,172.4,168.2,2687.0,57.0
65.0,149.0,84.0,14.076,0.1008,174.2,173.4,2770.0,65.0
28.0,143.0,123.0,2.7864,0.0,172.0,171.8,2954.0,20.0
31.0,152.0,126.0,11.016,0.0,172.6,175.0,3060.0,26.0
46.0,154.0,115.0,12.3948,0.0324,179.4,178.4,3169.0,39.0
21.0,144.0,137.0,12.3624,0.0,179.8,179.4,3216.0,7.0
10.0,125.0,130.0,4.5684,0.0,183.0,184.6,3239.0,-5.0
20.0,144.0,150.0,15.5196,0.1332,181.4,179.6,3294.0,-6.0
120.0,162.0,108.0,13.7376,4.1328,185.2,179.6,3429.0,54.0
38.0,151.0,112.0,11.1852,0.0324,186.6,188.0,3526.0,39.0
24.0,141.0,127.0,8.298,0.0,173.8,171.0,3561.0,14.0
40.0,127.0,102.0,7.6572,0.1008,176.2,177.6,3566.0,25.0
31.0,127.0,116.0,10.5804,0.0324,178.6,181.4,3588.0,11.0
42.0,143.0,110.0,13.572,3.3264,189.2,186.8,3639.0,33.0
33.0,155.0,134.0,14.9472,0.0,178.2,171.2,3722.0,21.0
24.0,142.0,131.0,11.7576,0.0324,190.2,176.2,3754.0,11.0
29.0,140.0,112.0,14.1768,0.0,262.2,203.6,24.0,28.0
6.0,175.0,154.0,14.6448,2.8872,158.4,165.6,225.0,21.0
3.0,163.0,163.0,11.5884,9.81,175.8,176.0,121.0,0.0
230.0,163.0,51.0,13.536,0.1008,184.8,174.4,160.0,112.0
30.0,165.0,126.0,8.6328,0.0,177.0,176.6,870.0,39.0
76.0,170.0,100.0,12.9312,2.7216,182.2,186.2,1681.0,70.0
13.0,164.0,143.0,9.6408,0.0,181.8,179.2,1702.0,21.0
100.0,166.0,107.0,13.7052,0.0684,178.6,182.0,1920.0,59.0
177.0,170.0,80.0,13.8744,6.1128,177.0,181.2,2641.0,90.0
15.0,151.0,153.0,12.294,0.8388,181.6,173.8,3532.0,-2.0
4.0,166.0,159.0,13.1688,10.2456,186.8,183.2,119.0,7.0
2.0,167.0,155.0,12.2616,11.6892,178.0,179.6,145.0,12.0
24.0,151.0,112.0,10.2456,6.5484,170.6,172.4,1518.0,39.0
1.0,155.0,155.0,9.0684,10.5156,195.8,195.8,1589.0,0.0
17.0,171.0,137.0,14.544,0.1008,231.2,221.0,96.0,34.0
27.0,167.0,131.0,13.3704,0.0,185.6,188.4,246.0,36.0
9.0,159.0,155.0,14.6808,0.0324,180.0,180.4,379.0,4.0
26.0,163.0,131.0,13.7376,0.1692,186.4,185.8,402.0,32.0
39.0,150.0,100.0,12.798,0.0684,187.2,180.6,416.0,50.0
7.0,161.0,156.0,15.282,6.8184,179.8,179.8,578.0,5.0
161.0,155.0,86.0,12.0924,0.504,179.2,177.2,589.0,69.0
49.0,155.0,93.0,12.3624,0.0,183.2,183.4,666.0,62.0
61.0,132.0,82.0,11.6208,0.0,178.6,178.2,691.0,50.0
5.0,152.0,148.0,11.6208,7.6248,190.4,191.0,829.0,4.0
534.0,159.0,91.0,14.4108,0.1332,174.0,179.8,1011.0,68.0
18.0,156.0,141.0,14.0076,0.0,178.2,181.0,1108.0,15.0
180.0,165.0,94.0,15.318,0.0684,181.2,182.0,1240.0,71.0
23.0,160.0,139.0,15.8544,0.0684,195.2,197.8,1342.0,21.0
16.0,155.0,149.0,15.9552,0.774,196.2,199.0,1394.0,6.0
23.0,157.0,136.0,15.6528,0.0,199.2,196.4,1422.0,21.0
30.0,159.0,116.0,14.814,0.0324,175.6,173.6,136.0,43.0
31.0,164.0,122.0,14.3424,0.1008,172.4,175.2,373.0,42.0
170.0,158.0,81.0,14.4432,0.504,171.6,175.6,485.0,77.0
92.0,150.0,99.0,12.1608,5.3424,171.0,170.8,577.0,51.0
27.0,146.0,125.0,11.3184,0.0,176.2,176.4,972.0,21.0
270.0,152.0,81.0,12.9672,0.234,179.6,173.2,1594.0,71.0
166.0,155.0,98.0,12.5964,0.1332,174.8,173.6,2767.0,57.0
345.0,155.0,87.0,12.9672,0.3348,174.6,176.8,3257.0,68.0
15.0,166.0,128.0,12.798,0.0,200.0,207.6,31.0,38.0
26.0,169.0,145.0,18.1728,0.27,168.4,170.0,1112.0,24.0
37.0,163.0,175.0,12.2616,0.4032,171.2,175.0,113.0,-12.0
28.0,162.0,162.0,11.7576,0.0,170.0,170.6,143.0,0.0
95.0,166.0,102.0,16.7292,2.8872,156.6,159.8,1240.0,64.0
10.0,163.0,157.0,15.1488,12.5964,199.4,214.4,2410.0,6.0
263.0,163.0,61.0,12.5964,0.3024,177.8,179.6,162.0,102.0
196.0,146.0,84.0,11.8224,0.0684,176.2,177.8,639.0,62.0
140.0,142.0,73.0,12.2256,0.1692,178.2,179.4,713.0,69.0
183.0,117.0,67.0,15.7212,0.3348,177.2,209.6,734.0,50.0
31.0,137.0,106.0,12.06,5.7096,177.6,178.0,1039.0,31.0
48.0,126.0,79.0,12.4632,0.0,175.2,176.2,1086.0,47.0
55.0,83.0,71.0,4.7016,0.0324,176.4,177.8,1089.0,12.0
16.0,138.0,117.0,12.3264,0.3348,189.2,192.6,1332.0,21.0
54.0,117.0,78.0,5.1048,0.0684,192.6,201.2,1336.0,39.0
286.0,126.0,68.0,11.1852,0.1332,194.2,194.2,1369.0,58.0
70.0,159.0,102.0,14.8788,0.1692,177.4,184.8,2423.0,57.0
141.0,151.0,88.0,12.8988,0.234,176.6,175.8,2809.0,63.0
39.0,152.0,102.0,11.3544,0.234,174.8,175.6,3016.0,50.0
7.0,129.0,126.0,14.814,3.2904,173.6,174.4,3039.0,3.0
31.0,159.0,128.0,13.2336,0.0324,178.0,181.8,313.0,31.0
301.0,159.0,76.0,12.2256,0.4032,179.8,203.8,510.0,83.0
25.0,103.0,92.0,11.8908,0.0324,185.6,188.6,530.0,11.0
33.0,147.0,109.0,12.3624,0.1692,173.0,175.6,745.0,38.0
29.0,145.0,126.0,9.2376,4.7016,172.0,171.8,830.0,19.0
116.0,149.0,93.0,13.3704,0.4356,168.6,170.2,1080.0,56.0
7.0,147.0,136.0,12.2256,0.2016,173.2,172.8,1409.0,11.0
444.0,182.0,67.0,13.6728,0.0,189.0,216.8,272.0,115.0
5.0,170.0,153.0,11.286,5.7456,188.4,188.8,372.0,17.0
19.0,166.0,166.0,10.314,0.0,171.6,170.0,35.0,0.0
23.0,164.0,164.0,11.0844,0.0,190.4,188.4,167.0,0.0
49.0,166.0,163.0,13.032,3.996,180.6,181.0,162.0,3.0
42.0,140.0,99.0,11.6208,0.0,186.0,180.2,1466.0,41.0
55.0,142.0,98.0,12.8304,0.0,179.6,179.6,2104.0,44.0
25.0,169.0,117.0,13.2336,0.1332,174.2,183.2,727.0,52.0
46.0,156.0,111.0,11.9592,0.0,174.4,174.4,1676.0,45.0
18.0,165.0,117.0,12.1932,0.0,185.6,181.6,3023.0,48.0
28.0,152.0,102.0,11.9916,0.0684,186.2,191.6,3048.0,50.0
399.0,168.0,85.0,12.9672,3.492,185.0,198.8,3173.0,83.0
41.0,157.0,93.0,11.8584,5.2416,180.0,182.2,3292.0,64.0
13.0,163.0,141.0,13.2696,0.3348,187.8,186.4,3401.0,22.0
1.0,169.0,167.0,13.2336,13.2336,201.2,201.2,3490.0,2.0
54.0,165.0,96.0,13.068,3.4272,175.0,175.0,1437.0,69.0
63.0,167.0,92.0,13.7052,0.1008,219.2,219.2,481.0,75.0
147.0,168.0,75.0,11.4552,0.2016,213.4,218.0,1088.0,93.0
30.0,167.0,101.0,12.798,0.0684,218.0,221.4,1145.0,66.0
289.0,166.0,80.0,11.3868,0.0,214.2,220.8,1405.0,86.0
5.0,178.0,147.0,13.4028,7.1892,213.8,214.0,2404.0,31.0
599.0,167.0,94.0,14.2416,5.4756,206.0,217.8,2438.0,73.0
5.0,144.0,136.0,10.1772,4.0968,209.4,210.8,3264.0,8.0
3.0,166.0,150.0,13.3704,13.1328,144.0,144.6,227.0,16.0
43.0,157.0,93.0,14.0076,0.3348,176.0,201.8,264.0,64.0
30.0,163.0,106.0,11.6568,4.3668,180.0,200.6,428.0,57.0
2.0,154.0,154.0,13.032,12.6648,187.0,184.8,448.0,0.0
27.0,147.0,121.0,13.536,0.3348,167.4,177.6,708.0,26.0
160.0,129.0,78.0,15.7536,0.234,168.0,165.6,726.0,51.0
125.0,134.0,77.0,12.9312,0.0684,171.6,172.8,840.0,57.0
39.0,134.0,89.0,9.3708,0.0,161.0,163.0,1252.0,45.0
42.0,129.0,85.0,13.2336,0.0324,165.4,184.0,1300.0,44.0
172.0,129.0,78.0,11.9232,0.3348,177.6,168.2,1348.0,51.0
12.0,130.0,112.0,13.6044,0.0324,170.8,171.8,1390.0,18.0
57.0,136.0,74.0,11.9232,0.0324,180.6,179.2,1503.0,62.0
2.0,170.0,170.0,11.6208,11.052,180.2,182.2,36.0,0.0
31.0,165.0,118.0,12.4956,0.0,179.6,175.4,226.0,47.0
65.0,169.0,75.0,13.302,0.1692,173.0,174.8,332.0,94.0
58.0,149.0,79.0,13.6368,0.1692,173.8,180.4,417.0,70.0
14.0,135.0,118.0,9.4716,0.0324,174.4,174.0,981.0,17.0
87.0,144.0,76.0,12.1608,0.1332,174.2,173.6,1006.0,68.0
12.0,150.0,118.0,10.782,0.1008,174.0,175.2,1265.0,32.0
255.0,147.0,86.0,12.1248,0.4032,177.0,176.0,1619.0,61.0
290.0,149.0,76.0,12.1248,0.234,176.2,189.6,1822.0,73.0
270.0,147.0,70.0,12.7296,0.234,172.4,175.6,435.0,77.0
214.0,152.0,69.0,14.3424,0.0,178.4,180.2,516.0,83.0
70.0,137.0,79.0,11.8224,0.0,180.4,177.4,931.0,58.0
13.0,132.0,119.0,12.5964,0.0,179.0,178.6,971.0,13.0
366.0,132.0,78.0,12.4632,0.1332,184.6,182.8,1007.0,54.0
156.0,157.0,78.0,15.1812,0.1008,187.4,187.2,1310.0,79.0
257.0,150.0,90.0,14.0076,4.1976,175.6,176.4,1846.0,60.0
81.0,146.0,89.0,12.564,0.1692,177.8,187.2,2280.0,57.0
47.0,141.0,98.0,11.9916,0.0,173.6,173.8,2500.0,43.0
19.0,139.0,121.0,11.1168,0.1008,180.4,178.4,2977.0,18.0
224.0,153.0,87.0,14.5116,3.0564,168.8,176.0,3222.0,66.0
416.0,147.0,78.0,13.1004,0.234,172.0,187.2,3524.0,69.0
2.0,126.0,124.0,11.8584,11.3544,194.8,194.4,3563.0,2.0
10.0,136.0,120.0,11.3184,0.0324,176.6,177.4,3595.0,16.0
112.0,166.0,87.0,14.2416,0.1692,149.4,147.4,221.0,79.0
9.0,87.0,105.0,0.0,0.1008,147.4,148.0,222.0,-18.0
1.0,174.0,174.0,17.838,17.838,169.8,170.0,2052.0,0.0
332.0,174.0,94.0,12.8304,0.0684,170.0,170.8,2053.0,80.0
10.0,147.0,142.0,13.8384,0.1008,165.4,166.8,2125.0,5.0
9.0,178.0,191.0,12.4956,0.1332,166.0,164.4,285.0,-13.0
38.0,163.0,94.0,11.52,0.0684,173.8,168.4,361.0,69.0
146.0,166.0,85.0,13.4028,2.3832,168.4,159.4,1204.0,81.0
48.0,166.0,118.0,13.032,0.0,170.4,168.8,2152.0,48.0
305.0,152.0,80.0,13.4352,0.27,171.2,173.6,2900.0,72.0
149.0,151.0,90.0,13.4028,0.3024,169.2,170.2,4582.0,61.0
7.0,139.0,136.0,9.4392,0.1008,178.0,179.8,5493.0,3.0
11.0,143.0,135.0,12.528,0.2016,178.6,180.0,5857.0,8.0
8.0,113.0,129.0,19.584,2.5848,171.0,172.8,19.0,-16.0
4.0,168.0,166.0,14.9148,9.0036,176.6,176.8,85.0,2.0
31.0,169.0,133.0,14.7816,0.1692,167.4,167.6,240.0,36.0
140.0,147.0,83.0,12.7656,0.1008,192.6,193.4,1672.0,64.0
31.0,143.0,115.0,13.2012,0.0324,181.2,184.4,1986.0,28.0
50.0,144.0,106.0,13.1688,0.0324,187.8,187.8,3431.0,38.0
47.0,140.0,96.0,13.068,0.0,183.2,183.4,3573.0,44.0
4.0,141.0,139.0,13.536,12.8304,195.6,201.0,3713.0,2.0
9.0,160.0,133.0,8.9676,0.0324,169.0,168.8,482.0,27.0
23.0,135.0,114.0,11.1528,3.258,176.0,178.2,826.0,21.0
12.0,138.0,112.0,11.556,0.0,178.2,177.8,886.0,26.0
108.0,137.0,82.0,11.6208,0.4032,185.2,180.6,971.0,55.0
112.0,144.0,78.0,12.6288,0.3348,184.6,177.2,1642.0,66.0
180.0,140.0,90.0,13.032,3.2256,182.0,178.0,2982.0,50.0
8.0,132.0,124.0,11.79,1.512,181.0,179.8,3210.0,8.0
189.0,171.0,92.0,13.8744,0.1332,244.0,232.0,264.0,79.0
59.0,173.0,125.0,17.4348,5.3064,232.2,233.8,471.0,48.0
4.0,163.0,163.0,16.6284,15.8868,237.4,236.6,683.0,0.0
3.0,161.0,158.0,10.8144,4.8708,236.4,234.0,684.0,3.0
61.0,156.0,111.0,8.3988,4.7016,233.6,229.0,685.0,45.0
54.0,165.0,127.0,16.83,5.544,229.6,235.8,901.0,38.0
73.0,166.0,116.0,16.3584,4.266,227.8,232.4,1125.0,50.0
62.0,166.0,124.0,17.064,5.2056,232.0,236.8,1337.0,42.0
56.0,166.0,127.0,16.9308,5.3748,227.0,236.6,1554.0,39.0
57.0,166.0,126.0,16.6284,4.9032,223.8,235.4,1775.0,40.0
56.0,166.0,126.0,16.9308,5.3748,230.2,233.6,1996.0,40.0
58.0,165.0,127.0,16.6284,5.7096,232.6,240.8,2215.0,38.0
550.0,167.0,97.0,17.334,5.3424,228.2,232.8,2427.0,70.0
43.0,162.0,103.0,13.7376,0.0,189.2,192.2,89.0,59.0
50.0,150.0,91.0,14.4792,0.1332,171.6,170.2,441.0,59.0
89.0,151.0,88.0,14.6448,3.8628,188.4,188.8,1626.0,63.0
180.0,154.0,97.0,14.7456,0.6372,179.8,179.6,3056.0,57.0
100.0,152.0,100.0,14.58,0.1692,173.8,182.0,4755.0,52.0
28.0,147.0,128.0,14.1768,0.0,172.0,175.6,6021.0,19.0
6.0,156.0,147.0,13.806,6.9516,193.8,192.6,244.0,9.0
169.0,152.0,68.0,12.798,0.234,174.0,176.2,902.0,84.0
1.0,76.0,103.0,4.536,0.0,179.4,179.6,0.0,-27.0
365.0,169.0,102.0,14.1768,0.4716,182.4,189.0,100.0,67.0
34.0,165.0,105.0,14.31,0.1332,188.4,181.2,239.0,60.0
169.0,166.0,65.0,14.814,0.1008,182.6,176.4,434.0,101.0
154.0,168.0,75.0,13.1328,0.0684,179.8,178.8,800.0,93.0
2.0,167.0,159.0,14.076,14.076,185.2,185.8,94.0,8.0
62.0,165.0,83.0,14.3784,0.0,157.4,167.6,273.0,82.0
112.0,138.0,89.0,12.9312,5.8464,179.0,181.2,1435.0,49.0
81.0,134.0,79.0,12.3264,0.1008,182.6,182.2,3240.0,55.0
3.0,134.0,132.0,12.2256,12.06,179.0,180.2,3781.0,2.0
23.0,166.0,115.0,11.6568,0.0,172.2,171.0,485.0,51.0
265.0,130.0,83.0,10.8828,3.7296,175.6,176.8,1814.0,47.0
11.0,144.0,127.0,12.294,0.1332,173.6,174.2,2875.0,17.0
104.0,153.0,99.0,14.6808,0.2016,182.4,179.8,3441.0,54.0
176.0,161.0,95.0,14.3784,0.5724,165.6,168.4,5395.0,66.0
30.0,167.0,93.0,12.8664,0.2016,214.0,212.8,209.0,74.0
300.0,131.0,65.0,10.8828,0.0324,174.2,176.6,717.0,66.0
40.0,139.0,77.0,9.3708,0.0,193.0,191.4,884.0,62.0
90.0,145.0,84.0,12.3624,0.0,181.6,184.8,1341.0,61.0
6.0,138.0,134.0,12.528,0.1008,155.2,156.0,2285.0,4.0
5.0,140.0,134.0,12.3948,2.3832,187.8,187.0,460.0,6.0
619.0,137.0,67.0,12.06,0.9756,188.4,201.2,480.0,70.0
32.0,144.0,88.0,13.572,0.3708,188.4,191.8,745.0,56.0
31.0,146.0,106.0,14.2092,0.0324,181.8,187.0,1714.0,40.0
4957.0,161.0,73.0,15.3828,0.0,200.0,172.6,1952.0,88.0
82.0,148.0,91.0,13.6044,0.0324,176.8,176.2,1567.0,57.0
23.0,142.0,117.0,15.2496,0.6048,171.8,173.4,1628.0,25.0
100.0,145.0,86.0,13.2012,0.27,182.0,179.8,2718.0,59.0
177.0,138.0,74.0,13.1688,0.3708,178.2,173.4,1320.0,64.0
178.0,136.0,80.0,14.04,0.0324,176.2,174.2,2036.0,56.0
5.0,132.0,126.0,12.6648,4.5,175.4,175.2,3546.0,6.0
114.0,169.0,49.0,11.3544,0.1008,185.2,184.4,156.0,120.0
174.0,140.0,70.0,13.6728,0.3024,172.8,179.4,1884.0,70.0
127.0,151.0,102.0,15.318,0.4716,178.8,178.8,4013.0,49.0
6.0,152.0,145.0,14.1408,0.0,175.8,175.0,4622.0,7.0
102.0,152.0,103.0,14.2092,0.1692,169.8,200.0,6043.0,49.0
10.0,143.0,151.0,15.3504,0.0,180.8,188.0,7888.0,-8.0
30.0,147.0,97.0,11.1852,0.0684,182.6,179.6,76.0,50.0
6.0,152.0,134.0,12.6648,0.4356,162.0,161.2,392.0,18.0
171.0,137.0,62.0,12.528,0.27,160.4,171.0,521.0,75.0
193.0,131.0,82.0,8.4996,4.266,171.2,168.2,606.0,49.0
72.0,121.0,57.0,7.524,0.0,169.2,173.8,781.0,64.0
79.0,123.0,68.0,10.8828,0.0684,171.6,171.2,1289.0,55.0
147.0,136.0,63.0,12.6648,0.1332,173.6,170.4,1386.0,73.0
100.0,133.0,59.0,11.4192,0.1332,173.6,171.6,1574.0,74.0
6.0,153.0,141.0,14.9148,0.0324,179.0,182.2,88.0,12.0
17.0,149.0,124.0,13.068,0.1008,197.6,194.4,259.0,25.0
1.0,145.0,145.0,14.1768,14.1768,175.8,175.8,423.0,0.0
10.0,151.0,142.0,12.2616,0.0324,180.6,179.6,1383.0,9.0
20.0,160.0,109.0,12.1248,2.3184,197.6,194.6,141.0,51.0
203.0,165.0,75.0,14.8464,3.9312,171.4,169.2,451.0,90.0
159.0,167.0,88.0,18.8784,0.0,170.2,171.0,788.0,79.0
157.0,167.0,97.0,18.576,0.0324,175.6,172.8,1134.0,70.0
158.0,166.0,93.0,17.7372,2.9232,169.4,172.2,1485.0,73.0
73.0,166.0,109.0,18.0396,4.7016,171.0,175.0,1649.0,57.0
74.0,166.0,119.0,17.6004,0.0,168.4,170.4,1820.0,47.0
41.0,167.0,134.0,18.7452,4.6692,185.4,172.8,1899.0,33.0
41.0,168.0,131.0,18.846,3.2256,179.4,168.2,1981.0,37.0
38.0,169.0,143.0,18.3744,2.4516,175.0,172.0,2062.0,26.0
293.0,169.0,87.0,18.9792,3.6612,181.4,174.0,2143.0,82.0
33.0,150.0,130.0,11.4192,0.0,189.4,192.8,2234.0,20.0
410.0,140.0,70.0,12.06,0.0684,164.6,178.8,1692.0,70.0
29.0,185.0,78.0,11.8584,0.1008,170.2,173.6,148.0,107.0
103.0,143.0,78.0,14.3784,0.1692,173.6,172.6,1372.0,65.0
6.0,128.0,124.0,12.528,5.544,174.8,174.6,2522.0,4.0
11.0,132.0,120.0,12.3624,0.2016,168.8,168.6,2574.0,12.0
22.0,155.0,143.0,14.9796,0.1332,170.4,167.2,206.0,12.0
38.0,148.0,96.0,14.1408,0.2016,167.8,166.4,493.0,52.0
22.0,148.0,127.0,14.5116,0.0684,163.6,165.6,1253.0,21.0
39.0,150.0,110.0,14.2776,0.1008,182.6,178.6,1355.0,40.0
8.0,152.0,142.0,14.2416,12.1608,165.0,165.4,1454.0,10.0
13.0,162.0,130.0,13.032,2.6856,171.4,171.6,2486.0,32.0
3.0,147.0,134.0,12.4956,8.9352,172.2,173.6,2499.0,13.0
17.0,161.0,107.0,12.1248,0.1692,187.0,187.6,164.0,54.0
139.0,143.0,84.0,12.9672,0.1332,174.4,177.6,1068.0,59.0
103.0,149.0,95.0,13.4352,0.1008,175.6,181.6,1945.0,54.0
50.0,151.0,108.0,13.068,0.2016,170.0,174.6,2803.0,43.0
17.0,147.0,128.0,13.2012,0.1332,174.4,174.6,3358.0,19.0
8.0,146.0,138.0,13.5036,3.8304,169.8,170.4,3598.0,8.0
5.0,174.0,157.0,13.7376,2.754,171.6,171.2,251.0,17.0
58.0,164.0,83.0,11.6892,0.0324,174.8,173.6,305.0,81.0
58.0,167.0,71.0,13.1328,0.0324,178.0,178.2,368.0,96.0
135.0,158.0,72.0,11.4876,6.3144,182.6,181.8,533.0,86.0
4.0,159.0,140.0,11.4552,11.1852,182.2,182.4,563.0,19.0
234.0,155.0,71.0,13.2696,0.1692,172.4,179.4,696.0,84.0
181.0,158.0,67.0,11.4192,0.2016,170.8,170.6,968.0,91.0
295.0,146.0,70.0,12.3264,0.0684,182.4,179.6,1203.0,76.0
10.0,134.0,114.0,12.9996,0.3708,177.8,178.2,1235.0,20.0
17.0,157.0,157.0,14.8788,0.0,221.4,220.0,23.0,0.0
34.0,170.0,117.0,14.2092,0.1692,223.2,221.4,311.0,53.0
23.0,163.0,127.0,13.1328,0.1332,204.8,205.8,1403.0,36.0
335.0,159.0,75.0,14.7816,0.1008,203.4,213.2,1422.0,84.0
13.0,140.0,121.0,12.6648,3.9312,182.4,186.0,93.0,19.0
2.0,148.0,147.0,14.076,13.806,181.4,181.2,437.0,1.0
11.0,151.0,135.0,12.5964,0.0,191.0,199.2,1306.0,16.0
2.0,143.0,141.0,12.024,11.556,194.2,194.4,1337.0,2.0
14.0,154.0,134.0,11.6208,0.0324,179.0,191.2,1409.0,20.0
10.0,166.0,164.0,14.1084,0.0,220.6,223.6,93.0,2.0
22.0,165.0,130.0,13.536,0.0,231.0,230.6,155.0,35.0
57.0,144.0,128.0,11.052,0.0,226.6,227.0,608.0,16.0
39.0,141.0,105.0,22.8744,0.0324,226.2,224.8,621.0,36.0
27.0,154.0,121.0,23.6484,0.0,224.0,222.4,641.0,33.0
80.0,141.0,75.0,12.4956,0.0,225.4,224.6,656.0,66.0
18.0,123.0,102.0,10.9836,0.2016,191.2,190.6,483.0,21.0
3.0,123.0,119.0,10.2456,10.0764,175.4,176.4,1579.0,4.0
19.0,139.0,90.0,10.278,0.1008,188.0,190.2,1723.0,49.0
29.0,131.0,83.0,10.7136,0.0324,184.6,197.4,1860.0,48.0
32.0,180.0,112.0,13.4712,0.234,153.0,164.6,321.0,68.0
107.0,153.0,93.0,14.2776,0.0,174.6,175.0,1315.0,60.0
50.0,137.0,101.0,12.0924,0.0684,169.8,171.6,1369.0,36.0
9.0,147.0,140.0,12.6648,0.0,172.6,174.2,2338.0,7.0
10.0,165.0,126.0,13.1004,0.2016,168.6,172.4,305.0,39.0
31.0,165.0,121.0,13.068,0.1692,177.2,175.2,622.0,44.0
16.0,148.0,134.0,12.528,1.9152,178.2,180.8,2066.0,14.0
41.0,148.0,84.0,13.3344,0.2016,152.0,158.2,364.0,64.0
43.0,157.0,83.0,13.9752,0.1692,169.4,172.8,427.0,74.0
19.0,154.0,132.0,14.3784,0.1008,192.0,196.6,1319.0,22.0
14.0,155.0,129.0,14.04,0.1008,192.0,198.6,1415.0,26.0
19.0,156.0,130.0,11.052,0.1008,309.4,311.8,113.0,26.0
23.0,158.0,126.0,12.2256,0.0324,315.4,322.2,189.0,32.0
45.0,164.0,96.0,14.31,0.1008,320.0,300.2,251.0,68.0
48.0,158.0,119.0,7.1208,0.0684,165.2,172.0,555.0,39.0
50.0,125.0,93.0,11.8908,0.1332,166.6,174.6,566.0,32.0
26.0,140.0,120.0,11.3184,4.1976,187.4,183.2,1717.0,20.0
22.0,138.0,124.0,10.8504,0.0,182.6,182.8,2494.0,14.0
4.0,173.0,144.0,2.25,5.8788,275.6,274.8,31.0,29.0
92.0,169.0,85.0,11.79,3.492,329.2,336.2,87.0,84.0
19.0,157.0,148.0,13.2012,4.6692,339.2,325.0,149.0,9.0
14.0,182.0,179.0,12.7296,0.0,308.0,303.8,193.0,3.0
3.0,168.0,155.0,13.5036,8.802,264.6,257.0,222.0,13.0
1.0,143.0,143.0,9.7416,9.7416,271.2,270.6,719.0,0.0
61.0,138.0,136.0,11.052,9.306,266.0,183.4,723.0,2.0
30.0,134.0,106.0,11.3544,5.004,185.8,176.0,725.0,28.0
9.0,138.0,129.0,10.6812,8.3988,228.0,232.2,850.0,9.0
5.0,136.0,131.0,12.024,0.234,167.0,170.4,973.0,5.0
82.0,143.0,116.0,12.3624,0.234,165.6,172.8,3419.0,27.0
372.0,138.0,93.0,11.286,0.2016,179.8,182.8,4220.0,45.0
17.0,134.0,115.0,10.8504,0.0,184.2,205.4,4518.0,19.0
12.0,150.0,137.0,11.1168,0.0324,178.4,185.2,4646.0,13.0
25.0,166.0,153.0,11.1528,0.0,168.8,167.6,136.0,13.0
228.0,133.0,77.0,12.06,0.0,186.4,174.8,1026.0,56.0
219.0,145.0,88.0,12.3264,0.0,170.8,171.2,1374.0,57.0
139.0,150.0,73.0,13.4712,0.4716,171.4,175.0,2186.0,77.0
6.0,73.0,74.0,0.0,0.234,175.0,175.2,2188.0,-1.0
38.0,126.0,85.0,11.4552,0.0324,181.4,180.2,2242.0,41.0
39.0,132.0,81.0,11.52,0.1008,175.8,174.6,2364.0,51.0
47.0,144.0,104.0,14.3784,0.0,226.0,231.8,845.0,40.0
539.0,156.0,94.0,14.7132,5.6448,207.6,204.8,1314.0,62.0
26.0,163.0,109.0,14.4432,0.0,163.4,176.4,30.0,54.0
18.0,193.0,146.0,16.4916,0.0,217.4,186.2,120.0,47.0
29.0,165.0,131.0,14.2092,0.2016,206.8,194.4,223.0,34.0
5.0,168.0,160.0,16.0884,8.298,178.6,182.4,264.0,8.0
17.0,166.0,148.0,16.6608,0.3348,180.4,180.6,363.0,18.0
9.0,168.0,162.0,15.4512,2.7864,192.4,188.8,1214.0,6.0
97.0,154.0,82.0,13.572,0.1332,179.2,174.4,902.0,72.0
359.0,147.0,76.0,13.032,0.0684,171.0,169.4,2324.0,71.0
116.0,137.0,76.0,11.9592,0.0,178.8,179.2,2624.0,61.0
602.0,162.0,74.0,13.8384,2.5848,170.0,171.6,489.0,88.0
48.0,178.0,133.0,21.4308,2.6532,179.6,176.0,561.0,45.0
52.0,197.0,128.0,20.1204,0.0,176.8,176.0,638.0,69.0
53.0,164.0,127.0,19.4832,3.1248,170.4,170.8,714.0,37.0
53.0,171.0,130.0,19.7856,0.1692,181.0,175.4,790.0,41.0
50.0,172.0,131.0,19.2132,0.0,176.6,178.8,868.0,41.0
51.0,176.0,136.0,19.0116,4.7376,170.0,182.2,946.0,40.0
52.0,170.0,134.0,19.4832,1.9152,174.0,179.0,1100.0,36.0
50.0,172.0,136.0,18.81,2.3508,178.0,179.2,1178.0,36.0
49.0,170.0,136.0,18.81,0.0,174.6,180.6,1258.0,34.0
52.0,172.0,137.0,19.7856,2.3184,172.8,178.6,1334.0,35.0
50.0,170.0,141.0,19.6848,0.2016,175.4,181.8,1486.0,29.0
471.0,175.0,99.0,21.5316,0.3024,175.6,180.4,1556.0,76.0
240.0,156.0,95.0,12.6648,0.4032,177.2,179.6,1707.0,61.0
17.0,156.0,141.0,14.0076,0.1008,175.8,178.0,1985.0,15.0
28.0,156.0,101.0,14.1084,0.1332,178.2,176.0,139.0,55.0
95.0,140.0,83.0,11.7216,0.0684,167.6,166.2,822.0,57.0
187.0,140.0,68.0,12.8988,0.0324,175.0,172.2,902.0,72.0
28.0,143.0,115.0,12.4272,0.0324,175.8,176.4,1282.0,28.0
14.0,122.0,110.0,11.3868,0.1008,180.2,178.8,1304.0,12.0
166.0,144.0,79.0,11.3184,0.0,189.4,190.0,2471.0,65.0
33.0,147.0,113.0,13.4028,0.0684,170.8,172.8,2988.0,34.0
2.0,162.0,162.0,13.1688,13.1328,174.8,174.6,198.0,0.0
162.0,136.0,64.0,12.3948,0.1008,174.4,175.4,1152.0,72.0
12.0,145.0,133.0,12.06,2.2824,167.0,173.8,2392.0,12.0
200.0,166.0,92.0,12.024,5.2056,179.6,176.8,1652.0,74.0
188.0,146.0,86.0,11.8908,0.0,172.6,172.0,2394.0,60.0
12.0,151.0,137.0,13.536,0.0,175.0,177.2,3197.0,14.0
39.0,146.0,115.0,12.9312,0.0,174.2,173.6,3430.0,31.0
12.0,152.0,114.0,13.4712,0.0324,182.0,182.8,205.0,38.0
86.0,159.0,69.0,12.3264,2.25,179.4,189.0,260.0,90.0
117.0,131.0,62.0,11.2536,0.1692,188.0,177.0,346.0,69.0
282.0,132.0,80.0,11.052,0.2016,183.0,182.4,738.0,52.0
134.0,126.0,63.0,11.3184,0.1332,177.0,179.0,824.0,63.0
230.0,128.0,70.0,10.6128,0.3348,185.4,178.0,1157.0,58.0
180.0,131.0,59.0,9.0036,0.0324,183.0,185.4,1219.0,72.0
197.0,131.0,62.0,11.1168,0.1692,173.0,187.4,1289.0,69.0
40.0,104.0,67.0,9.3708,0.0,194.0,190.0,1309.0,37.0
149.0,142.0,73.0,11.8584,0.27,182.8,183.0,1471.0,69.0
27.0,146.0,124.0,12.8304,0.1008,174.6,177.2,1838.0,22.0
19.0,174.0,115.0,10.782,0.0684,193.8,193.6,35.0,59.0
7.0,158.0,146.0,15.318,0.0,210.8,203.0,136.0,12.0
16.0,160.0,124.0,15.4512,0.0324,180.6,180.6,189.0,36.0
11.0,161.0,135.0,13.302,4.4676,237.4,198.8,343.0,26.0
4.0,138.0,129.0,11.1528,10.8828,181.0,180.6,149.0,9.0
23.0,133.0,114.0,11.3184,0.1692,168.4,171.6,365.0,19.0
134.0,132.0,78.0,11.556,0.0,172.6,172.2,713.0,54.0
24.0,142.0,123.0,12.3948,0.3708,170.8,171.2,1219.0,19.0
1567.0,155.0,99.0,12.9312,5.3064,186.8,187.4,73.0,56.0
2822.0,162.0,84.0,14.6808,5.2056,178.6,182.2,236.0,78.0
176.0,142.0,141.0,11.7216,16.4268,177.6,179.8,287.0,1.0
162.0,156.0,102.0,15.8868,1.5444,176.8,182.2,304.0,54.0
7.0,126.0,127.0,10.4472,6.7176,183.2,182.8,320.0,-1.0
78.0,135.0,126.0,14.0076,6.3828,181.2,179.4,333.0,9.0
39.0,152.0,79.0,11.4552,0.27,186.8,187.8,151.0,73.0
54.0,132.0,75.0,11.6208,0.0,173.0,181.2,306.0,57.0
172.0,138.0,72.0,12.9672,0.1008,178.4,177.4,383.0,66.0
7.0,138.0,133.0,12.8304,0.1008,177.0,176.4,544.0,5.0
165.0,142.0,87.0,12.2616,0.0,173.2,185.4,912.0,55.0
125.0,131.0,71.0,10.7496,0.1332,181.4,180.0,1027.0,60.0
40.0,125.0,84.0,12.2256,0.1008,183.8,184.0,1110.0,41.0
17.0,144.0,127.0,12.5964,0.8064,173.6,175.8,2182.0,17.0
38.0,149.0,110.0,12.564,0.27,175.2,173.8,3000.0,39.0
5.0,171.0,175.0,11.3868,8.1288,191.8,176.0,135.0,-4.0
654.0,164.0,66.0,13.5036,0.1008,194.4,195.8,165.0,98.0
19.0,159.0,104.0,14.1084,0.0,208.2,196.8,188.0,55.0
27.0,162.0,113.0,13.068,0.27,185.0,191.8,404.0,49.0
4.0,125.0,119.0,10.6488,5.3748,176.6,176.6,736.0,6.0
216.0,115.0,69.0,10.4472,0.234,179.6,184.2,1043.0,46.0
3.0,141.0,137.0,12.5964,12.294,183.4,183.8,2080.0,4.0
5.0,171.0,143.0,11.7216,2.1492,195.8,195.6,102.0,28.0
125.0,145.0,85.0,14.544,0.1332,159.0,175.6,494.0,60.0
91.0,167.0,88.0,19.7496,4.4676,163.2,180.0,661.0,79.0
92.0,171.0,97.0,19.6848,3.1572,173.4,179.0,823.0,74.0
93.0,174.0,106.0,19.7172,2.3508,171.0,183.2,981.0,68.0
92.0,175.0,116.0,21.1608,0.0,169.6,187.6,1141.0,59.0
87.0,174.0,114.0,18.4068,2.8872,180.0,185.2,1305.0,60.0
382.0,177.0,96.0,21.9024,3.2904,177.0,179.4,1537.0,81.0
144.0,127.0,89.0,10.7496,0.0,183.2,189.4,1465.0,38.0
26.0,139.0,115.0,12.9312,0.738,177.6,176.8,363.0,24.0
238.0,141.0,84.0,12.8664,2.25,181.2,182.0,1196.0,57.0
18.0,99.0,107.0,14.4108,0.0,178.0,176.8,1211.0,-8.0
13.0,153.0,143.0,13.3704,0.4032,180.0,180.8,1987.0,10.0
104.0,148.0,101.0,12.9996,3.2904,178.6,182.4,2016.0,47.0
151.0,140.0,87.0,11.286,0.0324,170.2,171.6,269.0,53.0
7.0,150.0,146.0,12.06,0.3024,179.2,179.0,1497.0,4.0
3.0,162.0,162.0,13.7736,13.7052,144.8,144.6,426.0,0.0
63.0,161.0,86.0,11.556,0.0,144.8,145.6,434.0,75.0
124.0,158.0,93.0,14.6808,0.0,163.8,164.6,1257.0,65.0
215.0,144.0,92.0,13.2696,0.0,176.6,176.6,3067.0,52.0
3.0,144.0,143.0,12.798,8.7012,187.4,187.8,3671.0,1.0
25.0,151.0,126.0,13.2336,3.3912,172.4,173.6,4459.0,25.0
3.0,142.0,142.0,11.4876,11.1852,172.2,172.4,4498.0,0.0
5.0,134.0,135.0,10.782,2.1168,179.8,179.6,4627.0,-1.0
12.0,150.0,132.0,11.7576,0.2016,165.6,166.2,4822.0,18.0
20.0,158.0,107.0,10.1772,0.0,177.8,176.0,146.0,51.0
36.0,129.0,98.0,10.8144,2.9232,180.2,184.6,537.0,31.0
113.0,122.0,71.0,8.4636,0.0684,178.8,179.2,604.0,51.0
321.0,122.0,57.0,9.54,0.1692,191.8,201.0,657.0,65.0
8.0,112.0,113.0,13.1004,2.52,191.8,198.4,695.0,-1.0
15.0,138.0,120.0,13.7736,0.1008,184.8,187.6,754.0,18.0
23.0,146.0,121.0,13.068,0.0,210.4,202.6,928.0,25.0
22.0,142.0,119.0,13.6728,0.1692,192.2,190.8,1031.0,23.0
1.0,152.0,151.0,13.9392,13.8744,182.2,182.2,1855.0,1.0
28.0,154.0,128.0,13.8384,0.1692,171.4,198.0,1961.0,26.0
2.0,151.0,148.0,13.4352,12.528,178.8,180.0,2060.0,3.0
42.0,163.0,123.0,23.8824,2.2176,184.6,186.2,2085.0,40.0
10.0,159.0,136.0,11.9592,0.0,174.4,172.2,995.0,23.0
1944.0,164.0,64.0,14.2416,0.5364,182.0,191.2,1397.0,100.0
55.0,183.0,128.0,24.318,4.1652,187.0,181.0,3336.0,55.0
1886.0,141.0,81.0,11.556,0.1332,171.6,179.2,3383.0,60.0
12.0,127.0,116.0,11.1852,1.8144,171.2,174.4,3445.0,11.0
165.0,136.0,87.0,12.4272,0.0,169.2,173.0,3822.0,49.0
10.0,145.0,130.0,12.9672,0.2016,175.0,175.0,4032.0,15.0
10.0,150.0,132.0,12.3948,0.1692,177.0,176.8,4103.0,18.0
5.0,145.0,129.0,11.9916,2.2176,171.2,171.6,4118.0,16.0
16.0,145.0,124.0,15.1812,1.3788,177.0,174.8,1600.0,21.0
48.0,131.0,94.0,14.7816,0.1332,175.2,179.2,1608.0,37.0
125.0,138.0,79.0,12.6648,0.234,184.0,193.8,2432.0,59.0
2.0,166.0,157.0,12.528,12.4272,184.4,187.4,285.0,9.0
24.0,163.0,106.0,11.2536,0.0324,181.0,180.4,361.0,57.0
36.0,133.0,107.0,13.7376,0.4356,177.2,179.6,1733.0,26.0
82.0,155.0,71.0,12.4632,0.1332,169.6,167.8,296.0,84.0
191.0,143.0,77.0,11.4876,0.0,167.4,167.2,1735.0,66.0
16.0,141.0,127.0,12.9672,0.0684,166.0,168.0,1991.0,14.0
39.0,149.0,120.0,11.3868,0.1692,179.2,182.0,2332.0,29.0
13.0,142.0,128.0,13.302,0.27,181.2,180.0,2775.0,14.0
3.0,151.0,149.0,13.4712,13.4028,171.0,172.4,3029.0,2.0
107.0,154.0,93.0,13.572,0.1008,166.0,178.6,1298.0,61.0
70.0,155.0,107.0,14.1768,0.1332,189.4,190.8,2587.0,48.0
48.0,153.0,119.0,13.2336,0.0,184.2,181.8,3452.0,34.0
14.0,155.0,139.0,13.7736,0.1008,176.8,173.6,5067.0,16.0
24.0,168.0,113.0,12.8664,0.0,156.8,168.0,228.0,55.0
2.0,155.0,151.0,13.9068,13.302,164.6,164.6,333.0,4.0
208.0,152.0,64.0,14.2416,0.1332,169.0,195.0,436.0,88.0
11.0,123.0,115.0,13.2336,0.0,187.6,186.8,474.0,8.0
18.0,138.0,116.0,14.7456,0.0324,188.4,181.6,529.0,22.0
4.0,158.0,156.0,14.9796,14.076,206.2,206.4,1781.0,2.0
69.0,168.0,115.0,17.4996,0.1692,189.6,198.0,1805.0,53.0
10.0,170.0,142.0,11.4552,0.0,143.0,142.0,149.0,28.0
128.0,146.0,71.0,12.9996,2.6208,124.4,144.2,401.0,75.0
35.0,147.0,121.0,12.7656,0.0,169.8,172.6,2281.0,26.0
15.0,145.0,128.0,13.7736,0.0,166.6,168.6,2486.0,17.0
5.0,145.0,141.0,11.8224,6.8508,169.2,172.0,4721.0,4.0
65.0,161.0,88.0,13.3344,0.3024,171.4,181.8,312.0,73.0
92.0,141.0,109.0,11.9916,0.27,164.4,164.6,2995.0,32.0
103.0,140.0,94.0,12.8304,1.6452,175.2,171.4,3077.0,46.0
145.0,142.0,79.0,12.798,0.2016,173.2,183.0,1038.0,63.0
115.0,135.0,82.0,12.06,0.0324,177.0,181.8,1643.0,53.0
12.0,141.0,124.0,13.2012,0.1692,176.2,176.4,2479.0,17.0
15.0,140.0,124.0,12.3948,0.0324,182.6,180.8,2722.0,16.0
98.0,154.0,92.0,14.04,0.2016,164.0,175.8,1481.0,62.0
27.0,147.0,122.0,12.6648,0.0,171.6,175.4,2801.0,25.0
187.0,155.0,89.0,13.3704,5.4756,182.2,183.6,4025.0,66.0
3.0,160.0,149.0,13.302,8.6328,181.2,182.8,4483.0,11.0
72.0,144.0,99.0,12.7656,0.3024,179.8,183.4,5449.0,45.0
7.0,141.0,136.0,11.9916,2.4192,177.4,178.6,5703.0,5.0
23.0,124.0,89.0,10.8144,0.0,207.2,208.8,1109.0,35.0
108.0,120.0,64.0,11.286,0.1332,211.2,208.6,1818.0,56.0
291.0,128.0,60.0,11.2176,0.1008,209.8,217.4,2091.0,68.0
9.0,111.0,119.0,13.3704,0.0684,209.2,207.6,2148.0,-8.0
3.0,131.0,125.0,11.9592,11.7576,217.2,216.6,2254.0,6.0
7.0,169.0,154.0,11.6208,0.0684,193.4,191.8,142.0,15.0
24.0,162.0,89.0,12.8664,0.0,185.4,195.6,587.0,73.0
2.0,133.0,122.0,11.5884,11.3184,178.0,177.8,616.0,11.0
12.0,156.0,114.0,13.302,0.0,190.0,191.2,699.0,42.0
468.0,141.0,59.0,12.3264,0.0684,197.0,192.8,940.0,82.0
7.0,117.0,120.0,12.798,0.234,212.0,215.4,977.0,-3.0
5.0,145.0,137.0,14.4432,6.048,175.6,175.8,1146.0,8.0
46.0,138.0,88.0,12.8988,0.1008,181.2,179.6,1207.0,50.0
5.0,143.0,135.0,13.6368,3.6288,187.6,187.0,1374.0,8.0
9.0,149.0,133.0,14.7816,0.2016,183.6,182.0,2122.0,16.0
2151.0,156.0,58.0,16.29,4.2984,217.2,193.6,2344.0,98.0
33.0,129.0,84.0,12.2616,2.1492,184.0,174.6,2763.0,45.0
7.0,132.0,127.0,11.286,10.9152,165.8,187.6,2842.0,5.0
65.0,132.0,70.0,12.564,0.3024,216.2,180.2,3103.0,62.0
18.0,161.0,120.0,13.3704,0.0,173.8,170.4,392.0,41.0
56.0,150.0,95.0,13.2696,0.0,175.4,175.2,1163.0,55.0
59.0,155.0,116.0,13.9392,0.0,175.8,181.0,3261.0,39.0
10.0,159.0,151.0,14.6448,0.27,174.8,178.0,4784.0,8.0
27.0,167.0,167.0,11.52,0.0,171.0,166.6,138.0,0.0
17.0,165.0,166.0,13.536,3.4272,169.8,174.2,220.0,-1.0
174.0,155.0,92.0,14.4792,5.8464,174.0,177.8,1319.0,63.0
9.0,132.0,138.0,16.7292,0.2016,173.2,172.8,1334.0,-6.0
200.0,160.0,89.0,12.1932,0.0,187.2,186.8,503.0,71.0
330.0,132.0,85.0,11.052,0.0,182.2,181.8,1047.0,47.0
13.0,132.0,119.0,12.0924,0.0,181.0,180.6,1980.0,13.0
23.0,139.0,119.0,11.9916,0.0,171.4,177.2,2408.0,20.0
46.0,134.0,93.0,11.79,0.0,184.8,199.2,2506.0,41.0
85.0,142.0,87.0,13.7736,0.0,166.6,172.8,1781.0,55.0
15.0,138.0,120.0,12.528,0.0,172.8,177.8,2363.0,18.0
15.0,136.0,124.0,13.032,0.0,175.8,172.6,3294.0,12.0
155.0,156.0,93.0,13.6044,0.0684,169.4,184.4,1988.0,63.0
144.0,156.0,100.0,13.4712,3.492,173.4,178.4,2899.0,56.0
145.0,166.0,108.0,14.8788,0.2016,167.0,173.8,4071.0,58.0
99.0,164.0,85.0,13.2012,3.258,185.6,178.4,1192.0,79.0
3.0,143.0,141.0,12.2256,11.6892,178.6,178.6,3155.0,2.0
22.0,153.0,114.0,13.4028,0.3024,185.0,181.6,377.0,39.0
9.0,137.0,125.0,13.4028,0.0684,179.6,177.8,487.0,12.0
12.0,133.0,115.0,12.5964,0.0,201.6,198.8,555.0,18.0
434.0,155.0,72.0,17.802,0.6372,182.4,173.8,1054.0,83.0
2.0,77.0,81.0,0.4356,4.2336,174.2,174.8,1057.0,-4.0
244.0,169.0,97.0,19.548,0.3348,196.4,182.6,2363.0,72.0
12.0,147.0,136.0,13.9392,0.5724,189.2,188.2,2975.0,11.0
4164.0,149.0,59.0,14.3784,0.6048,176.4,189.8,3012.0,90.0
32.0,128.0,76.0,11.9232,0.1008,187.8,185.8,3019.0,52.0
7.0,158.0,132.0,12.1932,0.0684,204.8,208.2,3115.0,26.0
91.0,141.0,72.0,13.9068,0.0,177.0,191.8,397.0,69.0
44.0,149.0,114.0,14.04,6.1812,188.4,189.0,2145.0,35.0
14.0,151.0,135.0,13.9068,0.0,188.4,186.8,2605.0,16.0
78.0,146.0,100.0,12.9672,0.1332,180.0,186.4,3510.0,46.0
16.0,127.0,111.0,12.4632,0.0,188.0,181.0,1106.0,16.0
44.0,144.0,82.0,13.032,0.0,179.2,180.6,1562.0,62.0
78.0,129.0,79.0,12.6972,0.1008,173.4,177.6,2091.0,50.0
14.0,137.0,118.0,12.4272,0.0324,179.6,184.8,3836.0,19.0
7.0,159.0,134.0,13.068,3.492,211.2,213.0,124.0,25.0
32.0,148.0,100.0,12.2616,0.0684,183.0,183.4,351.0,48.0
18.0,139.0,115.0,13.536,0.0684,191.2,194.6,458.0,24.0
4.0,119.0,117.0,12.294,4.5684,211.6,212.2,475.0,2.0
220.0,135.0,67.0,12.024,0.4716,188.8,180.8,801.0,68.0
13.0,138.0,122.0,13.2696,0.2016,182.6,181.6,1117.0,16.0
8.0,139.0,131.0,13.2012,0.0,185.6,184.6,1179.0,8.0
8.0,133.0,125.0,12.6288,0.1332,181.0,181.2,1313.0,8.0
23.0,139.0,114.0,12.7296,0.2016,182.4,184.2,1428.0,25.0
15.0,136.0,119.0,13.032,0.1008,181.0,182.6,1568.0,17.0
2.0,138.0,137.0,12.8304,12.4956,172.2,176.0,1734.0,1.0
7.0,133.0,130.0,11.9916,0.0324,181.6,188.6,1747.0,3.0
2.0,141.0,140.0,12.7656,12.6288,179.6,181.6,1817.0,1.0
1570.0,137.0,64.0,11.8908,0.6048,189.8,204.6,1867.0,73.0
2.0,119.0,121.0,11.2536,11.1852,171.6,171.2,1924.0,-2.0
3.0,137.0,134.0,10.6488,10.5156,170.8,173.8,1988.0,3.0
5.0,144.0,129.0,11.286,3.762,178.2,179.6,2016.0,15.0
6.0,127.0,119.0,9.54,3.2904,184.0,189.2,2071.0,8.0
8.0,134.0,125.0,10.6812,0.0324,181.8,183.2,2139.0,9.0
14.0,138.0,114.0,12.8664,1.242,200.0,198.0,2222.0,24.0
21.0,143.0,118.0,11.8224,3.9312,217.2,202.8,2346.0,25.0
53.0,138.0,88.0,12.3624,0.234,200.0,194.8,2455.0,50.0
19.0,103.0,96.0,10.0764,1.3104,195.0,187.8,2478.0,7.0
26.0,139.0,117.0,11.1528,0.1008,195.4,198.2,2814.0,22.0
49.0,162.0,91.0,13.1328,0.1692,175.4,173.6,431.0,71.0
6.0,110.0,107.0,10.9152,0.0,174.6,174.8,444.0,3.0
28.0,180.0,116.0,11.6892,4.9716,178.2,176.4,564.0,64.0
95.0,165.0,88.0,12.0924,2.5524,172.4,175.6,715.0,77.0
10.0,143.0,136.0,16.9632,0.2016,175.8,174.6,732.0,7.0
2203.0,148.0,74.0,12.3948,2.754,176.6,176.4,1719.0,74.0
9.0,131.0,124.0,13.9752,0.1008,180.0,178.0,2411.0,7.0
6.0,162.0,139.0,14.2416,0.0684,180.4,180.8,183.0,23.0
100.0,153.0,97.0,16.1244,0.234,194.2,179.8,997.0,56.0
45.0,157.0,124.0,14.8464,0.0324,164.8,168.2,1906.0,33.0
43.0,155.0,123.0,13.302,0.0684,172.8,176.4,3165.0,32.0
10.0,155.0,142.0,14.5116,0.0684,188.8,185.2,3261.0,13.0
25.0,138.0,129.0,0.1008,0.27,177.6,176.2,3267.0,9.0
17.0,160.0,153.0,15.282,2.2176,164.0,173.6,3538.0,7.0
2.0,161.0,160.0,14.9472,14.9472,175.6,175.4,4054.0,1.0
103.0,163.0,117.0,15.1164,0.3708,174.4,176.8,4359.0,46.0
12.0,163.0,152.0,15.1488,0.6732,180.2,181.4,5590.0,11.0
7.0,147.0,135.0,13.8384,0.4356,177.2,178.8,368.0,12.0
5.0,142.0,139.0,12.798,9.1368,218.8,218.2,1538.0,3.0
2.0,146.0,144.0,13.7376,13.6368,180.6,181.8,1650.0,2.0
396.0,151.0,75.0,13.7736,0.0,173.8,152.4,1889.0,76.0
30.0,130.0,91.0,11.8908,0.0,198.2,209.0,1930.0,39.0
25.0,141.0,113.0,12.798,0.0,173.2,182.8,2180.0,28.0
6.0,131.0,128.0,12.4956,5.3748,217.6,216.0,2235.0,3.0
12.0,135.0,123.0,12.7656,1.9476,186.4,182.6,2360.0,12.0
7.0,130.0,125.0,11.9916,1.7136,183.8,182.4,3177.0,5.0
13.0,133.0,121.0,12.024,0.0,187.2,182.2,3266.0,12.0
21.0,134.0,103.0,11.6208,0.0684,186.2,193.6,3390.0,31.0
10.0,157.0,122.0,13.1688,0.234,166.2,170.8,392.0,35.0
256.0,137.0,81.0,14.814,3.9636,179.6,182.6,1328.0,56.0
48.0,110.0,72.0,16.6608,0.2016,182.0,178.0,1338.0,38.0
106.0,108.0,77.0,22.2372,0.234,183.0,174.0,1350.0,31.0
28.0,140.0,152.0,22.2696,3.4272,175.6,174.2,3611.0,-12.0
330.0,145.0,91.0,0.3024,0.0,174.2,180.4,3618.0,54.0
8.0,157.0,134.0,11.3544,1.9836,180.0,179.8,151.0,23.0
13.0,159.0,121.0,11.4876,2.52,179.6,180.4,395.0,38.0
90.0,167.0,94.0,12.9672,0.0324,181.0,178.6,1158.0,73.0
39.0,156.0,115.0,13.1328,0.2016,172.6,170.8,2175.0,41.0
35.0,155.0,131.0,13.4712,0.0,168.6,177.0,2449.0,24.0
93.0,154.0,117.0,13.3704,0.1008,174.2,174.6,4031.0,37.0
8.0,129.0,119.0,10.9152,0.0,159.8,160.2,144.0,10.0
152.0,149.0,92.0,13.3704,0.0,167.6,168.0,1759.0,57.0
99.0,154.0,106.0,13.8744,0.0,163.6,167.0,3120.0,48.0
46.0,150.0,119.0,12.7296,0.0,172.2,173.6,3350.0,31.0
4.0,177.0,144.0,14.0076,7.6932,188.6,190.4,80.0,33.0
26.0,139.0,107.0,0.27,0.0,191.2,192.4,84.0,32.0
14.0,143.0,130.0,13.7736,0.0324,187.0,188.6,517.0,13.0
21.0,145.0,127.0,13.1328,0.0684,185.2,191.6,986.0,18.0
134.0,150.0,106.0,11.9232,0.0684,182.0,185.8,1217.0,44.0
39.0,147.0,124.0,12.8664,0.2016,181.0,186.2,1349.0,23.0
40.0,143.0,116.0,12.528,0.0324,186.4,187.6,1408.0,27.0
42.0,122.0,109.0,14.58,0.0684,185.0,187.4,1427.0,13.0
30.0,152.0,134.0,12.528,0.4032,166.8,169.2,1866.0,18.0
103.0,146.0,113.0,12.3264,0.0,179.4,182.0,1983.0,33.0
12.0,142.0,135.0,11.8584,0.1008,178.4,181.4,2192.0,7.0
2.0,141.0,141.0,13.1328,12.9312,181.4,181.0,2317.0,0.0
15.0,146.0,138.0,11.9916,0.2016,175.4,178.0,2577.0,8.0
257.0,157.0,103.0,12.7656,4.8024,182.0,182.0,2799.0,54.0
28.0,135.0,128.0,13.032,0.2016,187.8,188.4,3091.0,7.0
4.0,153.0,142.0,12.528,12.1608,181.6,182.0,3169.0,11.0
75.0,139.0,107.0,12.06,0.0684,183.8,184.0,3183.0,32.0
38.0,146.0,127.0,10.9152,0.0,187.0,187.4,3360.0,19.0
105.0,143.0,105.0,11.9916,0.1692,189.2,194.4,3631.0,38.0
34.0,142.0,122.0,12.8304,0.4356,186.6,186.6,4129.0,20.0
6.0,148.0,140.0,13.1328,0.4032,183.8,183.8,4361.0,8.0
9.0,148.0,139.0,12.3624,1.9476,185.2,185.6,4465.0,9.0
28.0,146.0,137.0,12.1932,0.1008,179.8,174.6,4933.0,9.0
111.0,147.0,118.0,11.9592,0.0684,177.6,180.2,5261.0,29.0
45.0,145.0,114.0,12.2256,3.9636,176.6,183.0,5518.0,31.0
277.0,146.0,95.0,11.4876,0.0684,182.2,183.8,5752.0,51.0
5.0,145.0,142.0,12.5964,3.9636,181.2,181.0,5999.0,3.0
11.0,147.0,142.0,11.6208,0.2016,193.6,200.6,6487.0,5.0
22.0,149.0,140.0,12.1932,0.234,182.8,182.4,6651.0,9.0
34.0,147.0,133.0,11.9232,0.27,186.6,184.6,6730.0,14.0
30.0,153.0,141.0,12.6972,2.1816,182.8,181.6,7453.0,12.0
31.0,146.0,137.0,12.6288,0.1008,204.0,213.6,7553.0,9.0
15.0,165.0,100.0,11.6568,0.0,173.4,174.8,45.0,65.0
33.0,159.0,87.0,12.8304,0.3024,145.6,166.0,402.0,72.0
83.0,141.0,86.0,12.4632,0.1332,164.4,166.4,2312.0,55.0
13.0,128.0,113.0,11.8224,0.1008,179.0,177.4,2607.0,15.0
17.0,144.0,117.0,12.9312,3.1572,172.2,170.4,3815.0,27.0
3.0,127.0,124.0,11.8584,11.6892,174.2,174.4,4066.0,3.0
17.0,148.0,96.0,12.1248,0.0,186.4,186.0,144.0,52.0
8.0,144.0,124.0,13.9068,0.1692,171.4,174.8,382.0,20.0
15.0,144.0,120.0,12.3948,9.306,194.0,203.6,1837.0,24.0
11.0,140.0,124.0,12.528,0.0324,197.2,200.4,1946.0,16.0
26.0,138.0,96.0,12.798,0.1332,194.4,193.2,2059.0,42.0
38.0,148.0,86.0,13.536,0.1332,173.2,177.8,2164.0,62.0
7.0,137.0,129.0,13.6728,0.0324,189.4,188.0,2312.0,8.0
139.0,146.0,72.0,13.5036,0.2016,185.2,189.0,2351.0,74.0
19.0,140.0,109.0,14.7132,0.8388,182.6,178.8,2788.0,31.0
43.0,154.0,102.0,12.8664,0.0,187.8,184.2,3790.0,52.0
4.0,137.0,133.0,12.9672,8.5644,178.8,178.8,899.0,4.0
152.0,135.0,67.0,12.6288,0.3024,181.6,187.8,393.0,68.0
103.0,165.0,89.0,13.3704,0.234,177.4,194.8,2194.0,76.0
34.0,167.0,98.0,12.7656,0.0,183.2,184.6,3178.0,69.0
117.0,156.0,90.0,12.9996,0.234,158.0,196.4,4153.0,66.0
40.0,129.0,102.0,0.1332,0.1008,177.4,176.8,6081.0,27.0
62.0,154.0,81.0,13.2696,0.2016,167.2,170.2,396.0,73.0
214.0,137.0,83.0,14.31,0.2016,169.2,174.8,1355.0,54.0
10.0,99.0,129.0,17.6004,4.3668,176.4,176.8,1367.0,-30.0
100.0,148.0,61.0,20.6244,0.1692,173.0,178.2,1382.0,87.0
478.0,176.0,80.0,24.1524,0.0,176.0,179.4,3597.0,96.0
50.0,158.0,87.0,13.7376,0.3348,173.2,179.6,386.0,71.0
34.0,100.0,78.0,13.9392,0.0324,180.8,179.0,398.0,22.0
55.0,142.0,96.0,13.3704,0.0684,170.2,178.4,2633.0,46.0
19.0,132.0,114.0,12.3264,1.242,184.0,184.2,3994.0,18.0
22.0,160.0,99.0,13.1328,0.3708,164.6,165.6,58.0,61.0
17.0,146.0,110.0,12.9312,0.0,161.0,164.8,135.0,36.0
75.0,155.0,91.0,14.4432,0.1008,158.0,161.6,360.0,64.0
129.0,153.0,102.0,14.31,2.6856,172.6,171.8,1605.0,51.0
153.0,155.0,108.0,13.6044,0.27,165.8,173.2,2887.0,47.0
30.0,156.0,140.0,13.4352,3.4596,175.0,173.8,3749.0,16.0
318.0,157.0,102.0,12.6288,0.4716,174.6,180.4,4619.0,55.0
308.0,157.0,103.0,13.1328,0.3024,179.8,177.4,5989.0,54.0
131.0,155.0,119.0,13.2012,0.2016,174.8,178.8,7433.0,36.0
24.0,144.0,100.0,12.6648,0.234,173.0,179.0,401.0,44.0
56.0,152.0,96.0,13.4352,0.234,165.6,183.6,2395.0,56.0
42.0,154.0,104.0,12.8988,3.5928,179.4,181.6,2851.0,50.0
32.0,161.0,105.0,11.9232,0.234,173.0,171.8,4339.0,56.0
8.0,135.0,123.0,13.1328,0.1008,174.2,176.0,385.0,12.0
216.0,150.0,89.0,14.6124,0.3024,174.0,187.2,2034.0,61.0
15.0,146.0,131.0,14.3424,0.1008,212.8,200.0,2301.0,15.0
22.0,149.0,132.0,14.1084,0.0324,184.4,183.4,2466.0,17.0
42.0,152.0,129.0,14.04,0.1692,197.2,198.6,3468.0,23.0
34.0,141.0,113.0,13.536,0.0,183.0,184.4,1746.0,28.0
16.0,141.0,127.0,12.9672,0.0,187.6,186.8,2165.0,14.0
26.0,138.0,114.0,12.1608,0.0,183.8,185.6,2941.0,24.0
73.0,132.0,79.0,13.068,0.3708,159.2,161.0,412.0,53.0
78.0,140.0,88.0,13.7376,0.27,166.8,175.0,2227.0,52.0
22.0,142.0,123.0,13.3344,0.0,199.4,182.6,2948.0,19.0
80.0,142.0,97.0,13.2696,0.3348,167.2,171.2,3676.0,45.0
30.0,143.0,125.0,13.4352,0.2016,178.4,178.0,5533.0,18.0
17.0,134.0,122.0,12.1248,0.1008,176.8,181.6,5784.0,12.0
75.0,160.0,109.0,15.6528,0.0684,175.4,179.8,1874.0,51.0
51.0,142.0,106.0,12.294,0.0,178.6,180.0,2332.0,36.0
67.0,137.0,104.0,12.564,0.0,179.8,182.4,2466.0,33.0
32.0,123.0,114.0,10.4148,0.0,180.8,181.0,2495.0,9.0
90.0,147.0,100.0,13.1688,2.2176,179.4,179.2,3320.0,47.0
34.0,134.0,92.0,12.294,0.27,170.4,174.8,406.0,42.0
13.0,143.0,118.0,12.9312,0.1332,180.4,179.6,925.0,25.0
77.0,156.0,97.0,14.3784,0.1692,178.4,176.6,1206.0,59.0
52.0,141.0,99.0,12.9312,0.1692,176.2,176.0,1848.0,42.0
76.0,149.0,94.0,12.6288,0.0324,180.0,184.0,2352.0,55.0
57.0,145.0,107.0,12.7296,0.27,170.4,176.4,2991.0,38.0
21.0,149.0,132.0,13.3704,0.234,180.0,181.6,3806.0,17.0
16.0,164.0,93.0,10.5804,0.1008,177.0,175.2,157.0,71.0
119.0,136.0,84.0,12.6648,3.9636,180.0,169.4,1464.0,52.0
10.0,135.0,128.0,12.7656,0.1692,172.8,173.0,2463.0,7.0
8.0,135.0,127.0,12.06,0.0684,191.8,188.8,146.0,8.0
31.0,151.0,98.0,13.068,0.0684,178.8,175.0,392.0,53.0
342.0,137.0,74.0,14.1768,0.4716,183.0,201.2,1992.0,63.0
11.0,117.0,103.0,11.3868,0.234,188.8,189.4,2186.0,14.0
8.0,121.0,111.0,12.4632,0.1332,207.0,202.0,2255.0,10.0
27.0,115.0,87.0,11.1528,0.0,232.0,222.0,2330.0,28.0
19.0,120.0,93.0,11.1528,0.0324,190.8,187.6,2458.0,27.0
54.0,132.0,76.0,10.4472,0.234,178.8,183.2,3876.0,56.0
60.0,138.0,80.0,13.3704,0.2016,170.6,184.4,390.0,58.0
99.0,138.0,74.0,13.8744,0.2016,169.6,178.4,1786.0,64.0
19.0,156.0,121.0,14.076,0.0,177.2,181.4,3098.0,35.0
15.0,144.0,124.0,14.1084,3.5928,175.0,177.8,3322.0,20.0
133.0,160.0,62.0,12.7296,0.5364,155.0,165.2,410.0,98.0
26.0,130.0,93.0,13.2696,0.0684,182.2,183.0,1244.0,37.0
39.0,135.0,102.0,13.032,0.0324,174.0,173.4,2441.0,33.0
379.0,132.0,72.0,12.3624,0.0684,176.0,164.8,3736.0,60.0
46.0,120.0,92.0,11.3184,0.0,169.6,174.6,4307.0,28.0
33.0,118.0,86.0,10.8504,0.0,175.8,177.8,4492.0,32.0
10.0,166.0,124.0,11.2536,0.2016,167.8,168.4,235.0,42.0
17.0,127.0,102.0,12.1932,1.8828,163.6,167.0,1129.0,25.0
60.0,140.0,84.0,14.2776,0.27,184.2,193.6,397.0,56.0
19.0,136.0,104.0,13.4028,0.2016,186.6,188.4,488.0,32.0
26.0,125.0,97.0,11.52,0.1008,171.8,174.0,1628.0,28.0
36.0,148.0,82.0,9.0036,0.0,177.4,174.0,37.0,66.0
23.0,123.0,91.0,10.044,0.0684,169.2,176.6,259.0,32.0
4.0,120.0,110.0,9.6084,0.0,169.6,170.4,297.0,10.0
11.0,130.0,132.0,22.1364,0.0684,167.2,170.2,800.0,-2.0
46.0,136.0,120.0,17.5356,9.7416,168.2,158.6,815.0,16.0
148.0,117.0,79.0,11.052,0.234,177.6,175.2,1606.0,38.0
20.0,113.0,106.0,10.278,0.1008,176.8,176.8,1844.0,7.0
22.0,103.0,101.0,10.314,0.0324,177.2,191.0,1891.0,2.0
24.0,112.0,104.0,10.314,0.27,188.2,204.2,2027.0,8.0
7.0,143.0,129.0,12.294,0.1692,185.2,185.0,308.0,14.0
34.0,137.0,108.0,13.8744,0.1332,174.4,181.2,667.0,29.0
3.0,137.0,136.0,11.1852,11.1168,158.6,158.8,875.0,1.0
6.0,143.0,137.0,12.798,0.0,178.2,181.4,1021.0,6.0
4.0,134.0,130.0,3.024,0.3348,182.2,182.4,1024.0,4.0
144.0,149.0,95.0,13.068,0.0,180.4,175.4,1116.0,54.0
25.0,131.0,112.0,7.4556,0.0,189.4,184.2,1157.0,19.0
35.0,132.0,107.0,11.52,0.0684,201.4,191.2,1293.0,25.0
10.0,122.0,122.0,11.286,0.0,167.8,172.8,1362.0,0.0
27.0,126.0,111.0,10.1772,0.1332,211.0,188.6,1563.0,15.0
54.0,124.0,87.0,10.9152,0.1332,184.0,184.2,1641.0,37.0
10.0,158.0,145.0,13.6044,0.1008,202.4,193.8,2653.0,13.0
2.0,154.0,154.0,12.7656,10.1124,177.4,174.2,2758.0,0.0
52.0,156.0,96.0,15.3828,0.2016,170.4,175.8,331.0,60.0
136.0,162.0,92.0,15.9228,0.4716,171.8,174.2,1143.0,70.0
18.0,155.0,136.0,14.4792,0.0324,172.8,176.6,2009.0,19.0
9.0,153.0,146.0,14.3784,2.1492,174.6,176.2,2227.0,7.0
15.0,133.0,110.0,12.4632,1.4112,183.2,181.2,139.0,23.0
32.0,150.0,124.0,14.4432,0.1332,179.2,181.0,1137.0,26.0
20.0,152.0,134.0,13.4712,0.0684,176.8,178.2,2046.0,18.0
7.0,158.0,128.0,12.6288,2.0844,183.2,182.8,136.0,30.0
27.0,137.0,106.0,13.8744,0.1332,171.6,175.4,371.0,31.0
45.0,146.0,102.0,14.0076,1.242,164.0,163.4,1294.0,44.0
9.0,143.0,138.0,14.0076,0.0,165.8,167.0,2441.0,5.0
26.0,136.0,111.0,13.5036,0.0,184.8,183.2,973.0,25.0
19.0,154.0,124.0,14.1408,3.3264,163.2,175.6,366.0,30.0
50.0,146.0,113.0,14.6448,0.0,179.0,178.6,1735.0,33.0
32.0,155.0,134.0,13.4352,0.0324,177.4,184.0,3104.0,21.0
14.0,135.0,119.0,12.528,0.0684,178.6,178.0,667.0,16.0
14.0,136.0,121.0,12.8988,0.1692,179.2,182.6,1055.0,15.0
22.0,134.0,113.0,12.1248,0.234,185.6,185.2,1223.0,21.0
23.0,138.0,115.0,12.2616,0.0,180.4,177.6,1832.0,23.0
12.0,144.0,118.0,13.6044,0.1008,208.8,208.6,134.0,26.0
218.0,148.0,62.0,13.1004,3.6936,209.8,173.8,169.0,86.0
4.0,111.0,107.0,8.6652,6.1128,210.8,217.0,207.0,4.0
14.0,111.0,101.0,10.6488,0.0,185.4,186.4,366.0,10.0
9.0,116.0,104.0,10.3464,0.0,196.0,189.8,519.0,12.0
16.0,109.0,98.0,10.1124,0.0,197.4,196.4,657.0,11.0
32.0,112.0,89.0,9.9108,0.1008,173.0,179.4,1783.0,23.0
8.0,114.0,106.0,9.8424,3.0888,196.6,202.0,1932.0,8.0
35.0,113.0,89.0,9.9108,0.0,187.0,193.4,2076.0,24.0
20.0,158.0,97.0,11.2176,0.1332,178.4,175.0,152.0,61.0
39.0,139.0,102.0,12.9672,2.6532,177.2,178.2,1387.0,37.0
22.0,137.0,111.0,13.5036,0.27,167.8,174.8,369.0,26.0
130.0,151.0,93.0,14.2416,0.0324,172.6,172.2,1669.0,58.0
3.0,151.0,150.0,13.7736,13.536,176.2,176.6,3174.0,1.0
27.0,135.0,96.0,12.294,0.0,184.0,179.4,142.0,39.0
45.0,143.0,93.0,13.806,0.3708,164.4,175.2,371.0,50.0
74.0,139.0,91.0,13.302,0.2016,176.4,176.8,510.0,48.0
229.0,172.0,105.0,16.8624,0.0,165.8,181.0,1622.0,67.0
28.0,154.0,140.0,12.9996,0.0324,182.2,181.2,2402.0,14.0
21.0,149.0,140.0,12.294,0.6372,177.8,178.4,3485.0,9.0
64.0,147.0,102.0,13.6728,2.9232,165.8,170.2,1467.0,45.0
97.0,154.0,114.0,13.4712,0.3348,159.2,164.6,4036.0,40.0
63.0,157.0,116.0,12.294,0.1332,189.4,186.8,4788.0,41.0
21.0,155.0,142.0,10.782,0.0,192.2,190.4,5574.0,13.0
37.0,164.0,122.0,14.7132,0.0,170.8,172.8,5603.0,42.0
87.0,168.0,104.0,12.8664,0.27,174.4,178.8,5656.0,64.0
5.0,145.0,141.0,9.3708,6.1128,166.4,171.8,896.0,4.0
106.0,152.0,106.0,12.9672,0.2016,176.8,182.6,3130.0,46.0
56.0,145.0,118.0,12.294,0.1332,179.6,179.8,3913.0,27.0
42.0,138.0,111.0,12.06,0.1008,179.2,182.6,4076.0,27.0
14.0,143.0,137.0,11.6892,0.0,180.6,181.0,4211.0,6.0
30.0,143.0,130.0,12.024,0.1008,180.0,180.8,4302.0,13.0
31.0,125.0,114.0,12.024,0.0,177.4,178.0,4315.0,11.0
12.0,149.0,139.0,12.798,2.1816,183.2,184.2,4512.0,10.0
33.0,148.0,130.0,13.302,0.1332,170.4,172.6,4859.0,18.0
190.0,146.0,101.0,12.9672,0.27,176.4,180.4,4948.0,45.0
46.0,137.0,105.0,11.6892,0.1332,180.2,183.6,5095.0,32.0
19.0,139.0,111.0,13.7052,0.0324,192.6,193.2,131.0,28.0
308.0,139.0,58.0,13.7736,0.27,189.2,179.0,163.0,81.0
14.0,145.0,113.0,11.9916,0.1332,188.4,187.0,339.0,32.0
15.0,125.0,110.0,12.564,0.1332,174.2,175.2,404.0,15.0
10.0,129.0,117.0,12.3948,2.1492,169.6,170.4,1098.0,12.0
10.0,140.0,129.0,13.6044,0.1332,174.4,175.2,1498.0,11.0
8.0,133.0,125.0,12.4272,2.3832,163.6,167.2,1537.0,8.0
17.0,162.0,95.0,11.286,0.3348,175.8,176.2,151.0,67.0
12.0,151.0,122.0,12.9312,0.234,162.8,166.4,406.0,29.0
53.0,143.0,96.0,13.9068,2.9232,175.4,176.4,1376.0,47.0
16.0,139.0,120.0,12.06,0.3024,164.4,169.2,2549.0,19.0
214.0,139.0,70.0,14.04,0.0,168.4,179.2,454.0,69.0
59.0,163.0,106.0,22.4064,0.0,181.2,177.6,524.0,57.0
55.0,166.0,119.0,21.1968,0.0,181.4,178.8,593.0,47.0
29.0,167.0,146.0,16.4592,0.0,184.4,186.0,648.0,21.0
29.0,146.0,118.0,14.04,0.0,168.6,175.8,738.0,28.0
57.0,165.0,115.0,20.7576,0.0,180.0,180.4,816.0,50.0
53.0,167.0,118.0,20.4912,5.4756,187.8,177.8,893.0,49.0
31.0,167.0,148.0,16.6608,0.0,193.2,189.6,954.0,19.0
28.0,148.0,122.0,13.7052,0.0,174.2,178.8,1045.0,26.0
54.0,168.0,123.0,21.2616,0.0,175.8,174.6,1119.0,45.0
55.0,169.0,122.0,20.826,5.4432,194.2,178.2,1195.0,47.0
39.0,167.0,133.0,13.1004,0.0,179.2,188.2,1256.0,34.0
103.0,140.0,96.0,13.8744,0.0,182.4,178.0,1298.0,44.0
278.0,166.0,87.0,26.8056,0.0,177.4,182.2,1327.0,79.0
8.0,139.0,132.0,11.9232,0.0,175.8,176.2,1781.0,7.0
73.0,152.0,92.0,15.1164,0.3024,166.0,173.2,1222.0,60.0
4.0,164.0,163.0,14.9796,10.1772,173.4,173.0,2440.0,1.0
27.0,162.0,120.0,13.1004,0.0,212.0,218.6,326.0,42.0
127.0,152.0,87.0,12.3264,0.234,211.2,208.4,984.0,65.0
105.0,145.0,77.0,10.9836,0.0,223.2,225.4,1049.0,68.0
78.0,152.0,114.0,12.7296,0.0,207.0,200.4,2316.0,38.0
13.0,167.0,157.0,14.076,0.0,207.2,210.0,3468.0,10.0
126.0,149.0,107.0,11.1528,4.266,207.2,204.4,3836.0,42.0
19.0,137.0,118.0,11.2536,0.234,204.8,206.4,3940.0,19.0
465.0,149.0,95.0,12.9312,5.6088,206.4,193.6,4367.0,54.0
87.0,151.0,93.0,15.318,0.1692,203.0,200.8,4462.0,58.0
771.0,157.0,96.0,11.3868,5.2416,205.4,222.4,4572.0,61.0
10.0,146.0,143.0,12.8304,0.4716,199.2,201.4,4706.0,3.0
81.0,142.0,105.0,11.4876,0.1692,204.6,211.2,4717.0,37.0
8.0,160.0,155.0,13.2012,0.0,212.8,217.2,4913.0,5.0
5.0,153.0,137.0,13.302,12.5964,171.6,185.8,84.0,16.0
70.0,166.0,117.0,19.0116,4.2984,184.0,186.6,3480.0,49.0
14.0,122.0,122.0,8.802,0.0,186.4,186.8,3484.0,0.0
48.0,144.0,109.0,12.5964,1.8468,172.0,175.6,3563.0,35.0
507.0,160.0,56.0,12.564,0.3024,197.0,173.0,140.0,104.0
16.0,126.0,100.0,8.7012,6.0804,184.6,190.2,193.0,26.0
27.0,125.0,83.0,11.5884,0.2016,192.2,186.2,339.0,42.0
53.0,117.0,64.0,10.7496,0.0,213.4,210.4,482.0,53.0
36.0,136.0,98.0,12.3624,0.3708,181.6,187.6,1759.0,38.0
6.0,148.0,142.0,14.6448,9.7416,173.4,170.8,1859.0,6.0
42.0,160.0,103.0,14.1408,0.234,161.2,169.4,376.0,57.0
26.0,149.0,122.0,14.5116,2.6208,167.2,178.6,1825.0,27.0
24.0,162.0,145.0,12.8664,0.27,183.0,182.4,3070.0,17.0
104.0,147.0,99.0,14.0076,0.0,158.8,170.8,1429.0,48.0
4.0,166.0,164.0,15.7212,9.0036,174.2,174.0,3341.0,2.0
74.0,147.0,107.0,11.9916,0.234,171.8,178.0,2036.0,40.0
214.0,147.0,93.0,12.6288,2.754,181.4,174.6,3752.0,54.0
154.0,147.0,107.0,12.2616,0.0684,176.8,179.2,5613.0,40.0
9.0,139.0,132.0,10.548,0.4356,178.0,181.8,6201.0,7.0
197.0,153.0,101.0,13.2012,0.3348,187.2,186.6,7394.0,52.0
45.0,143.0,115.0,11.3544,0.1692,177.2,175.2,7486.0,28.0
32.0,119.0,107.0,11.6892,0.0684,177.4,180.2,7507.0,12.0
13.0,158.0,139.0,17.6364,0.0684,207.6,201.2,108.0,19.0
440.0,151.0,67.0,13.032,0.0,206.6,199.2,135.0,84.0
21.0,119.0,96.0,11.016,0.0684,203.6,202.8,325.0,23.0
33.0,121.0,92.0,10.8144,0.0324,213.6,218.6,474.0,29.0
8.0,123.0,117.0,11.3544,0.3708,200.2,198.2,601.0,6.0
6.0,122.0,118.0,11.2176,3.7944,169.4,181.6,1807.0,4.0
12.0,134.0,115.0,11.4876,0.0,159.0,164.4,1928.0,19.0
8.0,160.0,132.0,12.0924,3.4272,177.0,174.4,145.0,28.0
54.0,155.0,89.0,13.3704,0.3024,168.0,171.6,389.0,66.0
36.0,154.0,123.0,14.2416,0.0324,171.4,174.2,1303.0,31.0
32.0,153.0,134.0,12.6972,0.2016,177.6,174.8,3275.0,19.0
151.0,164.0,74.0,13.6728,0.3348,171.2,172.4,589.0,90.0
103.0,181.0,100.0,21.6,0.0,178.0,171.6,741.0,81.0
108.0,173.0,104.0,20.5236,0.0,172.8,178.2,894.0,69.0
104.0,170.0,102.0,19.6164,0.0,167.6,175.0,1050.0,68.0
102.0,170.0,109.0,19.1808,2.0484,171.4,174.2,1208.0,61.0
96.0,171.0,106.0,19.2456,0.1332,169.4,174.4,1368.0,65.0
218.0,175.0,92.0,21.06,0.0324,174.4,176.4,1520.0,83.0
22.0,161.0,103.0,12.3624,0.4716,142.0,141.8,414.0,58.0
98.0,136.0,72.0,12.8304,0.1332,170.0,173.6,1384.0,64.0
6.0,129.0,124.0,11.3868,2.8224,171.4,170.4,2637.0,5.0
63.0,156.0,83.0,13.9068,2.2176,144.4,154.2,389.0,73.0
111.0,148.0,94.0,13.8384,0.3024,174.8,176.2,1719.0,54.0
91.0,148.0,88.0,13.2336,0.0,173.4,171.8,2542.0,60.0
45.0,145.0,108.0,13.8384,0.0324,170.2,171.0,3489.0,37.0
144.0,156.0,56.0,11.9916,0.2016,190.6,190.8,175.0,100.0
22.0,137.0,90.0,11.79,0.1332,177.8,181.4,352.0,47.0
44.0,127.0,79.0,12.024,0.234,184.8,178.4,606.0,48.0
55.0,119.0,68.0,11.6892,0.1008,169.6,171.4,681.0,51.0
9.0,140.0,126.0,12.5964,4.0644,189.4,191.8,1689.0,14.0
25.0,164.0,109.0,17.1648,0.1332,180.2,188.8,1769.0,55.0
10.0,141.0,120.0,11.52,0.1008,173.6,175.2,140.0,21.0
166.0,146.0,93.0,13.032,0.0,181.2,169.4,1325.0,53.0
8.0,129.0,126.0,13.9392,0.3348,176.6,174.8,1354.0,3.0
48.0,135.0,104.0,13.6044,0.0324,172.4,173.2,1783.0,31.0
30.0,142.0,122.0,13.2012,0.1692,173.0,173.8,2401.0,20.0
189.0,149.0,83.0,14.2092,3.8628,162.6,170.4,500.0,66.0
62.0,142.0,75.0,17.0964,2.3184,169.6,170.4,517.0,67.0
105.0,115.0,92.0,23.9148,3.492,175.2,173.2,532.0,23.0
195.0,171.0,98.0,20.3904,0.1332,161.6,171.0,852.0,73.0
180.0,172.0,102.0,18.8784,2.484,166.2,175.2,1184.0,70.0
237.0,175.0,96.0,19.1808,0.2016,169.2,176.8,1529.0,79.0
31.0,134.0,106.0,12.1608,2.3184,172.0,171.6,1327.0,28.0
128.0,131.0,75.0,12.0924,0.0,172.6,170.2,1649.0,56.0
182.0,132.0,71.0,13.302,0.1692,168.8,174.4,1702.0,61.0
31.0,134.0,100.0,12.8304,0.0,174.0,171.6,2503.0,34.0
10.0,159.0,120.0,11.7216,0.0,185.6,181.8,144.0,39.0
72.0,173.0,96.0,13.7736,0.4716,183.8,191.8,1801.0,77.0
34.0,168.0,117.0,12.8664,2.016,183.2,179.8,3450.0,51.0
22.0,127.0,99.0,12.06,0.0,173.0,173.4,890.0,28.0
5.0,135.0,131.0,12.06,11.6568,175.0,174.8,1780.0,4.0
72.0,162.0,64.0,13.1004,0.0,179.2,176.6,160.0,98.0
12.0,158.0,105.0,11.052,0.0,173.4,170.6,188.0,53.0
32.0,150.0,110.0,13.9392,1.9476,164.2,169.8,539.0,40.0
13.0,123.0,113.0,11.8584,1.5444,176.2,177.6,554.0,10.0
84.0,153.0,82.0,15.1812,0.1332,167.8,174.0,605.0,71.0
19.0,148.0,122.0,14.4792,0.1008,170.2,171.4,805.0,26.0
7.0,148.0,149.0,15.318,3.0564,169.8,171.4,1163.0,-1.0
9.0,143.0,118.0,12.8664,0.1008,168.8,168.8,347.0,25.0
11.0,142.0,130.0,13.7376,0.0324,182.0,183.8,2801.0,12.0
25.0,136.0,113.0,13.3344,0.234,183.4,181.6,2883.0,23.0
119.0,138.0,93.0,13.572,4.9392,165.4,168.6,975.0,45.0
26.0,146.0,131.0,17.3988,0.234,166.8,170.0,992.0,15.0
14.0,121.0,114.0,10.5804,4.6368,173.4,174.8,27.0,7.0
7.0,128.0,121.0,10.782,0.0684,179.2,175.8,1120.0,7.0
75.0,129.0,72.0,13.1328,0.5364,161.6,165.6,403.0,57.0
129.0,124.0,69.0,12.0924,0.0324,176.4,176.4,1696.0,55.0
112.0,123.0,68.0,14.1084,0.2016,172.2,175.2,1895.0,55.0
94.0,156.0,111.0,12.7296,5.004,180.0,184.8,2213.0,45.0
2.0,159.0,154.0,11.3544,11.286,168.6,169.2,129.0,5.0
22.0,146.0,89.0,11.6892,0.0324,161.2,160.2,201.0,57.0
21.0,138.0,101.0,12.2616,0.1008,170.4,173.0,508.0,37.0
406.0,112.0,62.0,12.3624,3.1248,176.4,214.6,530.0,50.0
1.0,135.0,135.0,12.4272,12.4632,169.4,170.8,780.0,0.0
25.0,134.0,90.0,13.1004,0.1692,176.0,174.8,843.0,44.0
27.0,137.0,105.0,12.8304,0.234,173.8,176.8,1158.0,32.0
3.0,126.0,124.0,12.4956,12.06,171.8,171.0,1245.0,2.0
1.0,133.0,132.0,12.4632,12.3948,169.6,169.0,1433.0,1.0
2.0,139.0,133.0,11.286,11.0844,171.4,172.2,147.0,6.0
108.0,140.0,72.0,12.6972,0.3348,161.6,167.0,403.0,68.0
320.0,128.0,69.0,12.294,0.1332,163.0,174.8,1706.0,59.0
14.0,128.0,109.0,11.8908,0.3708,176.6,176.2,2853.0,19.0
10.0,141.0,126.0,12.294,0.0,169.0,169.6,134.0,15.0
51.0,145.0,110.0,12.4272,0.0,158.2,165.8,1813.0,35.0
39.0,153.0,116.0,12.564,1.9152,213.0,192.8,1979.0,37.0
33.0,171.0,142.0,18.576,0.0,182.4,178.4,2181.0,29.0
562.0,149.0,84.0,17.298,0.3708,190.4,200.4,2198.0,65.0
7.0,135.0,128.0,10.5156,7.0524,189.4,191.8,2303.0,7.0
39.0,133.0,116.0,10.7496,4.8384,183.4,186.0,2705.0,17.0
13.0,134.0,125.0,10.7496,0.1008,171.4,178.0,2964.0,9.0
8.0,134.0,129.0,9.8424,0.0,187.8,189.2,3060.0,5.0
12.0,150.0,140.0,12.3264,0.1692,179.8,181.4,3551.0,10.0
1.0,161.0,161.0,14.7816,14.7132,175.8,175.0,117.0,0.0
93.0,146.0,91.0,16.6284,0.2016,173.0,176.2,1635.0,55.0
11.0,133.0,120.0,12.294,0.0,169.8,172.0,1820.0,13.0
36.0,133.0,95.0,12.024,0.0,178.0,178.8,2467.0,38.0
25.0,141.0,118.0,12.528,0.0,176.0,180.6,3295.0,23.0
140.0,136.0,82.0,12.7656,2.3832,174.2,177.2,1406.0,54.0
26.0,122.0,91.0,11.9592,0.0,170.0,171.6,1598.0,31.0
3.0,126.0,122.0,11.5884,11.3184,167.8,167.8,2691.0,4.0
23.0,137.0,81.0,11.6568,0.0,179.0,182.8,32.0,56.0
5.0,165.0,140.0,10.4796,5.1408,163.0,176.4,159.0,25.0
10.0,121.0,100.0,11.2536,5.2416,190.2,196.4,1085.0,21.0
15.0,115.0,93.0,11.016,0.0,166.4,178.8,1455.0,22.0
2.0,162.0,162.0,11.6568,11.556,159.0,160.2,103.0,0.0
6.0,168.0,136.0,12.7656,0.0,178.0,177.2,140.0,32.0
52.0,134.0,93.0,13.2336,0.6372,177.4,183.8,2398.0,41.0
31.0,141.0,123.0,15.282,0.1332,175.8,174.8,1813.0,18.0
273.0,172.0,161.0,11.8908,11.6892,188.4,163.4,131.0,11.0
3.0,180.0,161.0,13.7736,6.4476,175.2,173.4,111.0,19.0
74.0,167.0,139.0,10.9836,15.0156,177.6,189.0,142.0,28.0
15.0,169.0,169.0,12.8988,0.1332,176.6,177.4,384.0,0.0
28.0,136.0,100.0,13.572,0.1332,173.8,174.4,823.0,36.0
23.0,148.0,131.0,10.3464,0.0,183.0,184.0,1949.0,17.0
138.0,139.0,91.0,12.9312,0.0,180.2,179.6,2059.0,48.0
302.0,165.0,100.0,24.4188,0.1332,182.4,180.2,2120.0,65.0
29.0,100.0,96.0,0.0,0.0324,180.6,180.0,2121.0,4.0
152.0,153.0,102.0,28.4184,0.0324,182.8,171.2,2150.0,51.0
92.0,137.0,112.0,21.4992,2.52,180.4,174.6,2168.0,25.0
16.0,140.0,115.0,11.1168,0.0,175.6,175.8,2407.0,25.0
291.0,163.0,68.0,13.2012,0.0324,170.4,173.0,155.0,95.0
8.0,148.0,124.0,11.6208,0.0324,167.6,167.4,194.0,24.0
3.0,159.0,135.0,11.1528,10.9152,191.4,191.0,320.0,24.0
20.0,112.0,96.0,10.8828,0.1692,180.4,180.8,1131.0,16.0
50.0,118.0,73.0,10.782,8.7336,178.8,179.6,1481.0,45.0
14.0,116.0,103.0,10.3788,0.0,186.8,184.8,1755.0,13.0
33.0,118.0,90.0,10.8828,0.1692,165.0,163.4,1884.0,28.0
587.0,131.0,84.0,13.1004,0.0684,182.4,178.6,1458.0,47.0
22.0,152.0,138.0,21.7008,0.3024,179.0,177.0,1493.0,14.0
25.0,167.0,145.0,22.5072,0.1332,177.8,179.6,1528.0,22.0
25.0,172.0,152.0,22.7736,0.1008,179.0,180.0,1563.0,20.0
27.0,169.0,148.0,21.7656,1.1772,178.4,176.6,1599.0,21.0
26.0,164.0,149.0,21.3624,0.0324,175.8,179.8,1635.0,15.0
26.0,166.0,145.0,20.2536,1.8144,174.8,173.6,1672.0,21.0
26.0,169.0,153.0,23.0436,0.6048,176.2,178.4,1708.0,16.0
24.0,170.0,152.0,21.096,2.6532,174.6,175.8,1745.0,18.0
25.0,166.0,154.0,20.5236,0.4716,173.6,175.4,1783.0,12.0
24.0,168.0,154.0,20.556,0.1008,174.2,178.6,1820.0,14.0
26.0,166.0,141.0,20.0196,3.5604,183.2,181.2,1859.0,25.0
25.0,166.0,153.0,19.8864,0.234,179.4,180.0,1897.0,13.0
26.0,168.0,154.0,20.556,0.1008,178.2,181.0,1934.0,14.0
27.0,169.0,150.0,21.2976,2.0844,179.2,179.8,1971.0,19.0
27.0,164.0,148.0,19.8504,0.27,176.4,181.6,2048.0,16.0
25.0,167.0,155.0,20.8584,0.1332,179.6,183.4,2085.0,12.0
25.0,169.0,154.0,21.0276,0.0324,177.6,178.8,2121.0,15.0
25.0,171.0,157.0,20.1204,4.3668,179.6,177.8,2158.0,14.0
26.0,168.0,156.0,21.3984,0.0684,175.6,176.4,2196.0,12.0
24.0,166.0,153.0,18.9468,0.2016,179.0,180.8,2236.0,13.0
25.0,168.0,150.0,21.096,0.9072,179.2,177.4,2274.0,18.0
26.0,164.0,149.0,18.846,0.738,180.6,180.4,2315.0,15.0
26.0,167.0,160.0,20.2536,0.234,175.0,177.2,2352.0,7.0
303.0,166.0,87.0,19.9872,1.9476,190.0,184.6,2391.0,79.0
25.0,127.0,102.0,11.4192,0.3708,182.0,183.6,2659.0,25.0
6.0,108.0,109.0,11.016,0.0324,185.6,186.4,2671.0,-1.0
19.0,162.0,111.0,12.6972,0.2016,165.6,169.4,394.0,51.0
4.0,152.0,130.0,12.024,3.4272,173.0,174.8,1097.0,22.0
11.0,125.0,114.0,10.6488,0.1332,176.8,177.4,3524.0,11.0
47.0,131.0,86.0,11.1852,2.1168,177.2,178.2,4118.0,45.0
5.0,166.0,139.0,11.7576,3.6288,178.2,179.4,142.0,27.0
75.0,135.0,65.0,12.3948,0.0,170.2,172.8,901.0,70.0
4.0,123.0,119.0,11.1528,4.1328,178.0,181.8,1869.0,4.0
44.0,145.0,101.0,14.04,0.0684,177.2,181.4,1664.0,44.0
65.0,133.0,86.0,12.3264,0.1332,175.2,186.8,2435.0,47.0
23.0,134.0,109.0,11.7576,0.0,176.6,177.8,3162.0,25.0
27.0,156.0,126.0,15.3504,0.0324,198.4,201.8,1062.0,30.0
199.0,153.0,87.0,14.7456,0.0,178.8,179.2,2177.0,66.0
21.0,156.0,135.0,14.544,0.504,168.0,170.6,2712.0,21.0
71.0,161.0,69.0,12.0924,2.4516,157.0,159.4,415.0,92.0
17.0,131.0,104.0,12.5964,0.3024,166.0,167.0,776.0,27.0
14.0,125.0,107.0,11.3184,0.27,169.4,169.2,1400.0,18.0
6.0,130.0,124.0,12.5964,0.3024,174.0,176.6,583.0,6.0
15.0,142.0,117.0,12.9312,0.1692,191.2,194.4,963.0,25.0
19.0,138.0,108.0,12.9996,0.0684,184.4,186.2,1074.0,30.0
349.0,124.0,69.0,12.7656,0.0,196.4,196.2,1111.0,55.0
13.0,123.0,101.0,11.6568,4.0968,199.2,193.4,1262.0,22.0
10.0,121.0,110.0,11.52,0.1332,205.8,204.4,1390.0,11.0
27.0,124.0,90.0,11.79,0.1692,180.6,180.6,2492.0,34.0
164.0,163.0,73.0,12.4272,0.3708,161.8,178.0,435.0,90.0
43.0,136.0,93.0,12.5964,0.0,168.0,173.0,1611.0,43.0
7.0,137.0,129.0,12.3948,0.0,167.0,166.2,2431.0,8.0
8.0,127.0,121.0,11.6568,0.3024,172.8,171.8,3225.0,6.0
176.0,122.0,79.0,10.4796,0.27,169.6,176.0,3295.0,43.0
359.0,131.0,73.0,11.3544,0.1332,170.6,182.4,3435.0,58.0
31.0,126.0,87.0,12.3264,0.0324,160.2,170.8,3474.0,39.0
8.0,156.0,126.0,12.4956,3.4596,163.4,170.4,410.0,30.0
50.0,134.0,89.0,11.79,0.0684,174.8,176.2,1678.0,45.0
18.0,123.0,103.0,11.2536,0.0,183.4,181.0,2430.0,20.0
27.0,170.0,75.0,11.3868,0.3024,179.0,179.4,156.0,95.0
20.0,128.0,108.0,12.4632,0.1692,180.0,180.8,2527.0,20.0
80.0,124.0,72.0,10.782,0.0,172.0,173.2,683.0,52.0
13.0,124.0,115.0,11.2536,0.1008,178.6,181.4,1251.0,9.0
8.0,119.0,110.0,10.7496,0.0,178.2,178.2,1276.0,9.0
14.0,131.0,119.0,12.1248,0.234,176.4,173.4,1919.0,12.0
8.0,162.0,130.0,12.7656,0.0,209.2,210.8,297.0,32.0
8.0,171.0,133.0,13.4352,0.1008,204.8,207.8,561.0,38.0
38.0,133.0,107.0,0.1692,0.1692,209.4,209.8,564.0,26.0
8.0,155.0,139.0,14.4108,0.3708,210.2,213.6,1198.0,16.0
5.0,139.0,131.0,12.798,1.3428,211.8,211.6,1286.0,8.0
74.0,165.0,92.0,14.31,0.3024,213.4,210.6,1474.0,73.0
14.0,147.0,129.0,12.3624,0.1332,176.6,182.0,2067.0,18.0
27.0,141.0,119.0,9.8748,0.2016,178.0,189.8,2198.0,22.0
13.0,142.0,128.0,13.3344,0.1008,195.2,195.8,2288.0,14.0
6.0,154.0,145.0,12.8664,0.1008,211.2,212.0,2424.0,9.0
25.0,151.0,129.0,11.2176,0.0,213.6,216.8,2609.0,22.0
227.0,141.0,88.0,11.0844,0.2016,199.8,215.6,2661.0,53.0
294.0,160.0,108.0,16.4592,6.1812,208.2,196.4,3266.0,52.0
425.0,139.0,99.0,14.814,8.1612,204.8,210.0,3290.0,40.0
1121.0,160.0,80.0,10.8828,5.0724,208.4,214.6,3352.0,80.0
14.0,125.0,112.0,12.1932,0.0,205.4,204.6,3375.0,13.0
20.0,129.0,112.0,8.9676,0.0,203.8,205.4,3417.0,17.0
3.0,157.0,153.0,13.9068,13.7376,209.6,209.2,3640.0,4.0
77.0,150.0,84.0,13.7736,4.4352,203.6,214.2,3673.0,66.0
19.0,116.0,114.0,13.3704,0.0,215.2,214.0,3695.0,2.0
51.0,149.0,91.0,14.1084,0.27,200.8,200.4,4048.0,58.0
72.0,150.0,107.0,13.9392,0.1692,203.8,204.0,4937.0,43.0
2.0,140.0,140.0,12.4956,12.1608,205.0,205.6,5123.0,0.0
37.0,153.0,122.0,13.032,0.1332,206.2,210.2,5649.0,31.0
74.0,151.0,107.0,12.8304,0.2016,202.4,211.0,5838.0,44.0
9.0,177.0,127.0,12.1932,0.0324,171.0,171.6,136.0,50.0
9.0,138.0,124.0,13.2336,0.4716,169.6,168.0,1677.0,14.0
6.0,133.0,127.0,12.6972,0.0684,172.2,171.6,1755.0,6.0
29.0,142.0,112.0,12.7296,0.0,163.8,179.8,535.0,30.0
272.0,111.0,80.0,12.024,0.1692,173.6,180.4,558.0,31.0
40.0,128.0,78.0,11.8584,0.234,163.6,186.0,649.0,50.0
22.0,136.0,114.0,12.4272,0.1332,177.6,182.4,873.0,22.0
42.0,132.0,88.0,11.6892,0.0684,167.6,169.8,994.0,44.0
3.0,130.0,128.0,12.2616,7.2216,162.6,162.2,1578.0,2.0
52.0,136.0,98.0,12.9996,0.4356,171.8,181.2,1805.0,38.0
25.0,169.0,112.0,11.1528,0.1692,188.8,184.6,248.0,57.0
6.0,162.0,132.0,11.7576,0.0324,191.2,194.2,435.0,30.0
57.0,164.0,66.0,8.8344,0.1008,201.8,204.4,476.0,98.0
10.0,159.0,116.0,12.7296,0.1008,210.2,207.0,596.0,43.0
29.0,156.0,114.0,12.8988,0.2016,191.2,190.8,1079.0,42.0
47.0,159.0,89.0,13.8744,0.0684,197.0,194.6,1143.0,70.0
17.0,142.0,121.0,12.0924,0.0,182.4,186.6,1760.0,21.0
21.0,124.0,108.0,11.1168,0.1008,180.0,183.6,2073.0,16.0
94.0,137.0,86.0,11.9916,3.8304,199.8,209.2,2256.0,51.0
3.0,136.0,134.0,11.4192,8.802,194.2,194.0,2347.0,2.0
50.0,142.0,91.0,13.2696,0.0,167.8,172.2,1402.0,51.0
49.0,137.0,94.0,12.2616,0.0,172.4,175.8,2338.0,43.0
9.0,145.0,124.0,12.3264,0.3348,172.4,171.4,2642.0,21.0
125.0,133.0,92.0,10.4796,1.4436,207.0,207.8,1333.0,41.0
10.0,149.0,138.0,11.52,0.1332,216.2,216.4,3234.0,11.0
6.0,170.0,142.0,11.9232,6.3504,180.8,178.6,145.0,28.0
36.0,163.0,92.0,12.4632,0.3024,175.6,178.8,428.0,71.0
18.0,119.0,107.0,10.8504,0.0684,189.6,188.4,1018.0,12.0
30.0,164.0,101.0,9.1368,0.0684,206.8,206.0,187.0,63.0
21.0,170.0,103.0,10.6812,0.3708,183.6,185.4,340.0,67.0
34.0,161.0,74.0,9.1692,0.0684,174.6,176.4,1148.0,87.0
26.0,181.0,93.0,9.3708,0.0,171.6,173.6,163.0,88.0
93.0,140.0,92.0,13.3344,0.0,176.8,180.8,3169.0,48.0
9.0,135.0,124.0,11.3544,0.0,177.6,178.6,3379.0,11.0
35.0,155.0,98.0,12.7296,0.27,179.4,177.8,667.0,57.0
6.0,130.0,124.0,11.4192,0.0,168.4,170.8,1216.0,6.0
19.0,133.0,120.0,12.6972,0.0,155.4,161.0,1007.0,13.0
127.0,126.0,77.0,10.314,0.0,170.0,169.2,1840.0,49.0
104.0,110.0,73.0,10.782,0.0684,170.6,170.2,1868.0,37.0
108.0,142.0,126.0,12.1932,9.9432,168.8,176.2,2229.0,16.0
9.0,178.0,132.0,8.4636,0.504,168.4,169.4,154.0,46.0
60.0,120.0,77.0,10.5804,0.1332,180.8,181.6,1331.0,43.0
13.0,125.0,109.0,11.0844,0.1008,185.2,184.8,2976.0,16.0
175.0,160.0,81.0,13.068,0.1008,155.2,177.4,486.0,79.0
157.0,182.0,102.0,26.2008,3.6612,181.4,179.6,2011.0,80.0
29.0,137.0,110.0,11.052,0.1332,178.4,180.2,2117.0,27.0
62.0,131.0,93.0,8.8668,0.0,185.6,186.2,2146.0,38.0
15.0,135.0,123.0,12.6648,0.3024,184.4,184.6,2478.0,12.0
38.0,168.0,73.0,11.2176,0.27,178.0,176.6,155.0,95.0
5.0,131.0,125.0,10.1124,8.9352,148.6,156.8,2341.0,6.0
6.0,153.0,126.0,15.3828,2.0844,250.8,251.2,23.0,27.0
460.0,157.0,78.0,11.4192,6.6492,240.8,314.6,168.0,79.0
5.0,134.0,126.0,11.6568,11.286,164.6,169.6,441.0,8.0
30.0,122.0,96.0,10.548,0.1008,179.8,204.4,1133.0,26.0
80.0,120.0,84.0,10.8828,1.512,184.4,171.8,1774.0,36.0
3.0,169.0,164.0,11.052,10.5156,174.8,174.8,160.0,5.0
46.0,165.0,94.0,12.528,0.0684,169.6,174.6,1073.0,71.0
21.0,170.0,135.0,13.7052,4.9716,180.2,177.2,221.0,35.0
630.0,161.0,75.0,13.4028,0.0,177.2,179.8,231.0,86.0
56.0,149.0,86.0,9.4068,0.0,176.0,177.6,108.0,63.0
11.0,148.0,137.0,12.9996,1.746,180.2,187.0,174.0,11.0
97.0,132.0,87.0,0.0,0.0,185.6,186.6,168.0,45.0
104.0,107.0,109.0,8.4312,6.8508,188.8,188.4,180.0,-2.0
24.0,151.0,116.0,9.4716,0.0,182.8,182.8,228.0,35.0
146.0,154.0,72.0,11.9592,0.0,189.4,190.2,352.0,82.0
19.0,136.0,133.0,10.314,4.4676,195.2,195.2,387.0,3.0
8.0,133.0,130.0,11.556,10.2132,168.4,170.4,941.0,3.0
190.0,146.0,86.0,13.6368,0.1332,163.0,164.0,3537.0,60.0
19.0,144.0,126.0,14.2776,0.1692,190.0,196.6,5283.0,18.0
371.0,134.0,75.0,11.1852,0.0,203.4,205.6,5881.0,59.0
93.0,132.0,84.0,11.6892,0.2016,211.6,212.4,6099.0,48.0
3.0,140.0,137.0,12.6288,11.8584,215.6,216.4,6519.0,3.0
203.0,138.0,71.0,11.3868,0.1692,171.8,163.2,513.0,67.0
195.0,151.0,83.0,13.1328,0.738,166.4,170.2,600.0,68.0
15.0,167.0,167.0,11.286,0.0,180.8,183.8,160.0,0.0
19.0,164.0,116.0,11.4552,0.0,205.8,202.6,409.0,48.0
4.0,138.0,122.0,10.1448,0.0,199.8,197.8,421.0,16.0
236.0,155.0,70.0,13.1688,0.0,181.0,208.6,614.0,85.0
15.0,132.0,97.0,9.27,5.3424,210.0,220.6,655.0,35.0
48.0,118.0,77.0,8.8344,0.0,195.0,214.4,1634.0,41.0
12.0,119.0,108.0,11.0844,0.0,179.4,177.2,1893.0,11.0
293.0,140.0,89.0,12.798,5.274,176.4,182.2,2450.0,51.0
9.0,178.0,130.0,10.9152,0.0324,-16.4,-20.2,57.0,48.0
8.0,172.0,136.0,11.8224,0.1332,-6.80000000000001,-6.60000000000002,109.0,36.0
10.0,166.0,142.0,10.0764,0.234,-24.8,-24.8,192.0,24.0
7.0,150.0,145.0,12.7656,0.1692,55.2,72.6,441.0,5.0
54.0,153.0,102.0,10.1772,0.1692,-4.60000000000002,-5.80000000000001,532.0,51.0
7.0,136.0,131.0,11.0844,0.3708,4.0,3.19999999999999,640.0,5.0
6.0,147.0,142.0,8.4996,0.0,1.60000000000002,9.19999999999999,910.0,5.0
206.0,139.0,85.0,11.3544,0.234,14.0,19.6,1150.0,54.0
17.0,117.0,101.0,9.3708,0.1332,20.8,17.6,1170.0,16.0
20.0,141.0,127.0,11.1168,0.0,4.39999999999998,9.0,1501.0,14.0
80.0,164.0,99.0,10.9836,0.0684,24.2,18.6,1774.0,65.0
8.0,153.0,146.0,13.2696,0.1692,10.6,6.0,2008.0,7.0
6.0,152.0,152.0,15.318,0.4356,49.8,67.4,2119.0,0.0
19.0,163.0,140.0,13.2012,0.0,35.8,45.4,2258.0,23.0
22.0,156.0,128.0,11.6208,0.0324,-2.39999999999998,-6.39999999999998,2454.0,28.0
10.0,163.0,150.0,11.2536,0.234,14.0,17.0,2595.0,13.0
28.0,127.0,115.0,10.3464,0.1692,-18.8,-25.2,2732.0,12.0
51.0,128.0,100.0,11.9592,0.0684,-25.0,5.80000000000001,2764.0,28.0
10.0,153.0,111.0,11.8224,9.4068,1.0,2.19999999999999,25.0,42.0
35.0,165.0,91.0,12.1932,0.0684,2.39999999999998,6.80000000000001,213.0,74.0
6.0,157.0,133.0,12.0924,0.0,8.19999999999999,7.80000000000001,271.0,24.0
142.0,172.0,100.0,16.9956,2.3184,9.0,7.19999999999999,2143.0,72.0
24.0,139.0,124.0,11.6892,0.1008,17.4,18.8,2717.0,15.0
12.0,144.0,129.0,11.5884,0.4356,12.6,11.8,2978.0,15.0
8.0,137.0,129.0,11.8224,0.0,3.60000000000002,3.39999999999998,2818.0,8.0
30.0,129.0,113.0,10.9836,0.1008,7.80000000000001,8.19999999999999,2884.0,16.0
3.0,137.0,134.0,5.4756,4.8708,27.4,25.8,3317.0,3.0
6.0,88.0,85.0,11.286,0.0,48.0,47.2,9.0,3.0
5.0,161.0,143.0,12.2616,11.1168,64.8,75.6,272.0,18.0
78.0,157.0,60.0,11.9232,0.2016,45.2,53.8,357.0,97.0
4.0,149.0,136.0,9.6732,6.3144,52.8,56.4,417.0,13.0
14.0,144.0,115.0,11.1168,0.0,54.8,67.0,443.0,29.0
4.0,155.0,136.0,10.9152,5.3748,32.2,33.0,556.0,19.0
8.0,146.0,130.0,12.294,2.7216,35.8,41.6,593.0,16.0
12.0,157.0,142.0,14.076,0.1692,76.2,75.6,2406.0,15.0
28.0,142.0,122.0,11.8584,0.1008,94.4,95.8,2990.0,20.0
7.0,124.0,115.0,11.1168,0.234,96.6,98.2,2999.0,9.0
11.0,143.0,131.0,13.3344,0.3348,108.8,108.4,3166.0,12.0
10.0,135.0,124.0,12.6972,0.0,106.8,106.6,3174.0,11.0
3.0,150.0,148.0,11.5884,11.5884,105.8,106.4,3284.0,2.0
9.0,143.0,135.0,12.4272,0.1008,106.4,108.4,3331.0,8.0
7.0,155.0,150.0,13.9392,0.1332,112.2,112.6,3482.0,5.0
13.0,149.0,135.0,12.6972,0.1692,132.6,130.6,3643.0,14.0
9.0,141.0,133.0,11.7216,0.0,131.4,129.0,3721.0,8.0
40.0,141.0,113.0,6.012,0.0,145.0,141.6,3878.0,28.0
12.0,138.0,125.0,13.1688,0.6048,133.2,135.4,3939.0,13.0
299.0,145.0,83.0,14.8464,0.3024,105.4,117.2,4285.0,62.0
4.0,133.0,127.0,12.1932,3.762,116.6,116.0,4454.0,6.0
14.0,135.0,115.0,12.8988,0.0684,93.0,94.8,4604.0,20.0
16.0,137.0,122.0,11.286,1.782,98.2,96.8,4768.0,15.0
2.0,131.0,131.0,11.9232,11.6892,88.4,88.6,5118.0,0.0
23.0,128.0,108.0,8.0964,0.0,91.4,90.8,5126.0,20.0
34.0,113.0,86.0,10.2456,0.0324,88.6,89.0,5140.0,27.0
49.0,104.0,73.0,10.1124,0.0324,91.4,90.8,5148.0,31.0
14.0,129.0,120.0,8.0964,0.0,56.2,57.6,6056.0,9.0
11.0,124.0,115.0,9.306,0.0,50.6,51.6,6080.0,9.0
61.0,163.0,106.0,9.4716,0.1692,39.6,33.0,6405.0,57.0
3.0,142.0,141.0,8.532,5.3748,46.4,46.0,6627.0,1.0
32.0,158.0,130.0,14.544,0.1332,66.0,82.6,6777.0,28.0
20.0,142.0,127.0,12.4272,0.0,108.0,136.8,6879.0,15.0
5.0,140.0,136.0,12.8664,3.8628,114.4,96.6,6932.0,4.0
38.0,147.0,104.0,12.564,0.1692,39.8,37.2,7010.0,43.0
68.0,150.0,97.0,13.7736,0.2016,46.8,54.8,7114.0,53.0
9.0,121.0,117.0,11.3184,0.0324,44.8,40.0,7147.0,4.0
5.0,148.0,145.0,13.2696,1.9152,47.2,47.2,7301.0,3.0
2.0,138.0,136.0,11.9592,12.024,48.4,49.4,7348.0,2.0
44.0,136.0,103.0,11.6208,0.1332,40.8,41.0,7545.0,33.0
26.0,151.0,121.0,12.9672,0.0324,19.2,37.6,7716.0,30.0
23.0,177.0,115.0,14.9472,0.1692,47.8,52.2,134.0,62.0
21.0,159.0,143.0,9.4392,3.7944,51.4,49.6,151.0,16.0
11.0,153.0,112.0,10.1772,0.0684,26.2,26.4,450.0,41.0
6.0,139.0,124.0,12.5964,0.0684,26.0,32.8,495.0,15.0
28.0,162.0,98.0,11.3544,0.0,53.6,43.0,570.0,64.0
28.0,108.0,85.0,7.2216,0.0,41.4,33.4,576.0,23.0
68.0,161.0,66.0,12.528,0.0324,41.4,39.0,688.0,95.0
50.0,129.0,77.0,11.6208,0.1332,38.2,39.4,760.0,52.0
7.0,137.0,131.0,12.9672,0.1692,24.8,24.8,1014.0,6.0
14.0,142.0,125.0,13.4028,0.2016,27.0,26.6,1200.0,17.0
54.0,130.0,81.0,12.3948,0.1692,19.8,25.2,1284.0,49.0
18.0,135.0,116.0,10.9512,0.4032,30.4,28.6,1443.0,19.0
41.0,131.0,91.0,11.79,0.0,36.2,35.0,1565.0,40.0
29.0,123.0,98.0,12.1608,0.0,30.2,33.2,1608.0,25.0
25.0,133.0,111.0,11.2176,0.1692,24.8,30.6,1768.0,22.0
34.0,123.0,88.0,10.8504,0.1008,38.0,43.0,1987.0,35.0
17.0,127.0,104.0,11.3868,0.1692,32.6,36.0,2112.0,23.0
31.0,120.0,91.0,10.8144,0.1008,38.6,45.0,2155.0,29.0
20.0,131.0,111.0,14.9148,0.0,205.6,207.6,16.0,20.0
6.0,144.0,141.0,12.528,0.2016,209.0,210.4,937.0,3.0
4.0,144.0,142.0,9.6732,3.9636,197.0,197.8,1095.0,2.0
10.0,134.0,128.0,9.1044,0.0,203.2,203.2,1120.0,6.0
1586.0,158.0,75.0,11.1168,0.0,213.6,221.0,1179.0,83.0
202.0,157.0,84.0,10.9152,0.3708,214.6,215.4,1593.0,73.0
47.0,143.0,111.0,11.8584,0.1692,221.2,222.8,2039.0,32.0
9.0,161.0,155.0,13.6368,0.504,219.4,218.2,2346.0,6.0
85.0,168.0,48.0,10.4796,0.1692,174.4,202.0,92.0,120.0
15.0,164.0,109.0,12.6972,0.1008,177.4,175.8,142.0,55.0
401.0,129.0,78.0,10.8828,0.1692,177.4,182.2,1217.0,51.0
28.0,142.0,119.0,11.4552,0.0,165.4,174.0,2896.0,23.0
141.0,154.0,90.0,13.536,0.1332,217.2,218.0,887.0,64.0
28.0,108.0,103.0,11.3544,0.27,210.0,209.4,901.0,5.0
7.0,145.0,140.0,12.0924,0.1332,180.4,182.0,2825.0,5.0
12.0,172.0,126.0,12.564,0.0684,174.4,174.0,138.0,46.0
350.0,151.0,90.0,12.8664,0.0,168.4,189.4,1421.0,61.0
22.0,152.0,136.0,12.4632,0.0,177.0,179.8,2670.0,16.0
28.0,164.0,101.0,12.3264,0.1692,190.6,185.4,135.0,63.0
4.0,139.0,138.0,11.0844,8.8344,186.2,188.2,1738.0,1.0
100.0,141.0,94.0,10.3788,0.2016,183.6,185.4,1795.0,47.0
6.0,162.0,154.0,8.9028,4.1652,184.6,185.2,192.0,8.0
62.0,154.0,79.0,14.1084,0.0684,190.6,186.6,469.0,75.0
2.0,144.0,137.0,11.79,11.4876,179.0,180.8,792.0,7.0
13.0,136.0,120.0,11.8224,0.1332,165.0,178.8,1218.0,16.0
28.0,145.0,119.0,13.2336,0.0,186.0,188.6,1787.0,26.0
35.0,146.0,104.0,12.4956,0.1692,191.4,188.2,1895.0,42.0
3965.0,123.0,82.0,14.814,3.762,186.2,217.4,1911.0,41.0
195.0,170.0,98.0,16.3908,3.7296,170.6,179.4,3985.0,72.0
237.0,163.0,83.0,15.7212,0.3024,196.6,187.6,1091.0,80.0
4.0,150.0,147.0,9.9108,6.9516,230.0,232.2,363.0,3.0
154.0,151.0,85.0,12.06,5.8104,205.0,198.2,412.0,66.0
19.0,111.0,104.0,15.6528,0.0,198.0,188.4,421.0,7.0
5.0,165.0,162.0,14.2776,5.9472,187.6,195.4,561.0,3.0
32.0,159.0,120.0,15.1488,0.0324,196.0,182.0,660.0,39.0
7.0,166.0,160.0,15.1164,7.4916,183.2,186.2,755.0,6.0
14.0,153.0,142.0,10.4472,0.0,182.6,182.6,1398.0,11.0
30.0,155.0,117.0,13.6044,0.0684,172.0,180.2,422.0,38.0
105.0,142.0,87.0,11.9592,0.1332,182.0,179.6,996.0,55.0
46.0,153.0,110.0,11.8908,0.1332,178.4,182.4,1429.0,43.0
6.0,131.0,125.0,10.9836,2.3832,180.2,179.2,1690.0,6.0
1.0,152.0,152.0,10.7136,10.7136,168.8,168.8,2451.0,0.0
233.0,149.0,86.0,11.052,5.3064,170.0,200.6,2454.0,63.0
5.0,148.0,142.0,10.782,10.3788,169.4,169.6,2543.0,6.0
69.0,138.0,96.0,12.0924,0.0684,176.8,178.8,3320.0,42.0
6.0,142.0,133.0,11.0844,0.234,191.0,194.4,5231.0,9.0
16.0,166.0,130.0,12.8988,2.2176,181.8,181.2,330.0,36.0
71.0,171.0,85.0,15.3504,0.27,202.4,225.0,414.0,86.0
26.0,146.0,115.0,11.1852,0.3024,191.6,185.8,837.0,31.0
21.0,144.0,123.0,11.2536,0.4032,174.8,184.2,1076.0,21.0
3.0,147.0,144.0,12.8664,9.5724,154.6,155.0,1362.0,3.0
23.0,147.0,127.0,12.9672,0.1692,175.8,182.2,1585.0,20.0
19.0,162.0,139.0,16.1244,3.1572,186.8,187.6,1672.0,23.0
2833.0,163.0,85.0,14.1768,0.0,188.4,212.6,1747.0,78.0
36.0,100.0,81.0,10.5804,0.0324,198.0,196.6,1764.0,19.0
27.0,158.0,95.0,10.6812,0.1008,180.6,179.2,2060.0,63.0
12.0,148.0,114.0,11.0844,0.0324,162.0,179.2,2192.0,34.0
3.0,167.0,152.0,13.068,8.6328,189.4,189.6,120.0,15.0
44.0,134.0,98.0,12.3948,0.3024,158.8,171.6,1308.0,36.0
11.0,169.0,126.0,11.4552,5.508,173.6,174.6,289.0,43.0
43.0,164.0,78.0,11.3868,0.3024,168.6,160.6,423.0,86.0
25.0,133.0,109.0,12.4632,0.1692,178.4,184.8,1075.0,24.0
15.0,132.0,111.0,12.0924,0.1692,184.6,180.4,1193.0,21.0
19.0,132.0,111.0,12.6648,0.1332,181.2,180.0,1315.0,21.0
8.0,135.0,125.0,12.9672,0.1692,170.0,170.2,1429.0,10.0
3.0,170.0,166.0,13.2012,12.6288,252.2,249.4,34.0,4.0
7.0,129.0,129.0,12.1608,0.234,168.0,169.8,2771.0,0.0
5.0,145.0,135.0,0.4032,0.1692,201.2,201.2,4.0,10.0
202.0,145.0,85.0,13.7052,0.234,171.2,172.4,1909.0,60.0
53.0,169.0,69.0,13.4712,0.1332,169.2,170.6,154.0,100.0
2.0,156.0,153.0,15.5196,11.052,202.4,202.6,610.0,3.0
8.0,155.0,133.0,13.8744,0.0684,191.0,197.6,753.0,22.0
15.0,154.0,117.0,14.04,0.0324,194.8,189.4,971.0,37.0
32.0,165.0,103.0,14.3424,0.1332,172.2,175.2,1197.0,62.0
10.0,174.0,176.0,14.3424,7.8948,161.0,167.8,47.0,-2.0
19.0,127.0,119.0,9.7092,0.1332,175.2,177.6,2386.0,8.0
133.0,141.0,79.0,13.3344,0.1008,163.6,162.0,1175.0,62.0
62.0,139.0,88.0,11.2536,0.234,172.2,181.6,1411.0,51.0
83.0,91.0,73.0,11.9916,0.0,178.2,171.0,1422.0,18.0
135.0,159.0,87.0,14.58,0.504,159.4,162.6,1256.0,72.0
274.0,160.0,86.0,14.7816,0.1332,145.0,151.6,2513.0,74.0
23.0,162.0,112.0,13.3704,0.3024,165.4,171.6,435.0,50.0
246.0,135.0,70.0,13.7376,0.0,177.2,191.2,452.0,65.0
12.0,164.0,108.0,12.9672,0.0684,186.0,184.8,540.0,56.0
30.0,148.0,97.0,12.9312,0.1332,172.4,167.0,759.0,51.0
38.0,150.0,87.0,13.2336,0.1692,174.8,174.2,868.0,63.0
35.0,137.0,95.0,12.8304,0.0324,181.8,182.8,1092.0,42.0
40.0,147.0,101.0,14.076,0.0684,171.2,171.0,1592.0,46.0
31.0,140.0,101.0,12.7656,0.0684,182.2,181.6,652.0,39.0
13.0,170.0,152.0,11.1168,0.0684,174.8,180.0,146.0,18.0
7.0,140.0,134.0,10.6128,3.8628,177.8,178.2,3122.0,6.0
148.0,135.0,82.0,11.8224,0.2016,171.8,179.6,3713.0,53.0
7.0,132.0,122.0,11.9592,0.0324,167.4,169.2,4621.0,10.0
73.0,144.0,100.0,13.4352,0.0684,171.2,175.0,5235.0,44.0
10.0,138.0,126.0,12.0924,5.2416,178.2,179.6,2389.0,12.0
10.0,145.0,134.0,12.798,0.0,190.6,209.4,2537.0,11.0
6.0,169.0,133.0,12.7656,2.7864,164.8,167.4,102.0,36.0
7.0,173.0,150.0,9.9432,0.4356,165.0,164.8,141.0,23.0
15.0,153.0,112.0,12.024,0.0684,166.4,171.6,1157.0,41.0
289.0,160.0,98.0,14.31,0.1332,165.0,170.4,3360.0,62.0
22.0,173.0,109.0,12.1932,0.2016,191.8,186.2,135.0,64.0
57.0,136.0,81.0,12.4956,0.1008,190.8,188.6,1184.0,55.0
6.0,174.0,174.0,11.5884,0.1008,175.0,178.2,150.0,0.0
11.0,148.0,107.0,11.5884,0.4716,183.2,184.6,1826.0,41.0
20.0,168.0,120.0,11.8908,0.3348,181.6,181.6,145.0,48.0
31.0,140.0,120.0,12.7656,5.508,164.6,166.8,2420.0,20.0
153.0,143.0,88.0,12.8988,0.0,181.0,188.8,2619.0,55.0
18.0,134.0,117.0,11.6568,5.544,177.8,180.2,2793.0,17.0
96.0,126.0,80.0,10.7136,0.0,183.0,183.2,2845.0,46.0
109.0,142.0,96.0,12.2616,0.0,175.0,173.4,4038.0,46.0
571.0,152.0,84.0,12.7296,5.0724,177.6,188.8,5101.0,68.0
8.0,144.0,137.0,11.8908,0.0,172.4,170.2,5384.0,7.0
13.0,168.0,134.0,12.4956,0.4032,175.8,176.2,134.0,34.0
204.0,155.0,92.0,11.6208,0.1692,43.6,80.0,1841.0,63.0
61.0,149.0,82.0,13.7376,0.0,208.2,208.4,1212.0,67.0
6.0,129.0,118.0,9.27,0.0,211.4,211.4,1700.0,11.0
27.0,134.0,98.0,11.0844,0.0,210.8,216.0,2221.0,36.0
66.0,172.0,93.0,12.9672,0.3348,166.6,194.2,1214.0,79.0
18.0,169.0,110.0,10.8828,0.0,166.8,166.6,128.0,59.0
2.0,141.0,141.0,11.4552,11.286,167.2,167.8,1615.0,0.0
4.0,132.0,133.0,0.3024,3.3264,169.2,168.4,1625.0,-1.0
13.0,118.0,124.0,13.4712,0.0,182.6,173.6,4814.0,-6.0
71.0,148.0,91.0,15.3828,0.0324,164.2,166.8,4845.0,57.0
11.0,190.0,145.0,11.016,0.1008,184.0,182.6,111.0,45.0
113.0,166.0,64.0,11.8224,0.27,168.4,212.8,494.0,102.0
10.0,156.0,113.0,9.9432,0.0,199.2,205.8,837.0,43.0
7.0,156.0,115.0,10.8144,5.6448,233.4,214.4,964.0,41.0
12.0,153.0,110.0,12.528,0.0,181.4,181.0,1062.0,43.0
19.0,121.0,91.0,10.8828,0.1332,179.2,180.2,1668.0,30.0
15.0,166.0,165.0,11.8584,0.1008,170.8,172.2,157.0,1.0
12.0,115.0,109.0,11.9232,0.3708,169.4,170.2,3973.0,6.0
18.0,151.0,113.0,12.528,0.0324,173.0,179.2,997.0,38.0
25.0,143.0,106.0,11.7576,0.2016,174.2,180.2,2811.0,37.0
13.0,167.0,166.0,9.54,0.1008,174.2,174.6,157.0,1.0
28.0,134.0,114.0,11.7216,0.2016,180.4,184.2,3881.0,20.0
8.0,172.0,163.0,12.4272,0.3024,198.8,195.4,22.0,9.0
10.0,127.0,122.0,11.2536,6.9516,187.8,191.4,6365.0,5.0
14.0,166.0,118.0,11.8584,0.1008,162.6,165.4,138.0,48.0
73.0,157.0,103.0,15.282,0.234,176.2,174.4,2199.0,54.0
152.0,150.0,78.0,12.024,0.5724,168.8,171.2,1014.0,72.0
27.0,132.0,102.0,12.1608,0.0684,176.0,176.0,2583.0,30.0
25.0,174.0,160.0,13.9752,0.4716,180.0,176.6,171.0,14.0
118.0,125.0,75.0,11.3544,0.1332,170.2,171.8,1991.0,50.0
51.0,125.0,68.0,11.286,0.1332,179.2,180.4,2085.0,57.0
236.0,103.0,67.0,11.8584,0.1332,171.6,173.0,2108.0,36.0
22.0,160.0,165.0,13.1328,3.1248,174.2,176.6,780.0,-5.0
33.0,171.0,113.0,10.6812,0.0,180.2,178.4,160.0,58.0
16.0,164.0,163.0,10.8504,0.0,177.6,178.8,144.0,1.0
19.0,162.0,114.0,13.3344,0.1692,168.2,170.4,365.0,48.0
18.0,131.0,116.0,12.4956,0.27,171.4,171.0,1405.0,15.0
74.0,138.0,77.0,11.8908,0.2016,170.4,174.6,1668.0,61.0
347.0,120.0,67.0,10.2132,0.1332,177.8,177.6,2062.0,53.0
6.0,137.0,132.0,12.0924,11.5884,164.6,176.2,1270.0,5.0
2.0,175.0,173.0,12.0924,11.7576,199.0,198.2,186.0,2.0
11.0,174.0,138.0,12.3624,0.0324,196.0,196.2,198.0,36.0
15.0,152.0,112.0,12.8304,1.5444,199.4,196.4,512.0,40.0
4.0,134.0,124.0,11.7576,4.8708,207.8,204.4,570.0,10.0
6.0,139.0,125.0,12.4272,0.27,188.6,187.4,861.0,14.0
39.0,152.0,102.0,12.1248,0.0324,203.6,210.2,915.0,50.0
20.0,127.0,102.0,11.7216,0.1008,178.2,177.8,1309.0,25.0
74.0,160.0,81.0,12.294,0.27,187.8,181.6,808.0,79.0
20.0,123.0,105.0,11.4552,0.0324,148.2,162.4,855.0,18.0
6.0,158.0,132.0,12.798,3.3264,163.8,166.6,1071.0,26.0
14.0,123.0,111.0,11.052,0.0,176.6,170.2,1498.0,12.0
16.0,124.0,103.0,11.5884,0.0684,179.4,179.4,1789.0,21.0
52.0,130.0,90.0,11.4552,0.1332,170.8,180.0,2020.0,40.0
2.0,129.0,126.0,12.1248,10.2132,182.0,180.8,2539.0,3.0
38.0,137.0,94.0,12.294,0.2016,170.6,172.2,2862.0,43.0
10.0,130.0,114.0,12.1248,0.0684,164.4,165.0,3320.0,16.0
6.0,177.0,177.0,11.3184,4.2984,86.2,88.2,229.0,0.0
9.0,136.0,119.0,11.052,0.0324,167.6,165.4,535.0,17.0
30.0,130.0,96.0,11.2176,0.3708,180.0,178.0,932.0,34.0
4.0,142.0,137.0,11.6892,8.6004,161.2,161.8,1494.0,5.0
20.0,155.0,116.0,12.9672,0.1332,173.2,178.2,1047.0,39.0
22.0,147.0,112.0,12.9996,0.1692,179.6,182.0,1336.0,35.0
17.0,145.0,132.0,11.9592,0.0,189.6,200.2,588.0,13.0
2.0,142.0,141.0,12.1608,11.8224,177.0,180.0,955.0,1.0
7.0,142.0,135.0,11.3184,0.1332,175.2,175.0,1068.0,7.0
12.0,147.0,137.0,11.286,3.024,170.2,171.2,1303.0,10.0
9.0,156.0,152.0,12.2256,0.1692,182.4,181.0,1605.0,4.0
2.0,143.0,142.0,11.5884,11.4192,178.0,178.4,1759.0,1.0
39.0,161.0,123.0,12.9996,3.024,174.0,163.6,2355.0,38.0
14.0,150.0,140.0,12.4272,0.1008,165.2,165.6,2419.0,10.0
9.0,158.0,153.0,12.6288,0.27,167.8,169.4,2874.0,5.0
220.0,143.0,96.0,10.8144,0.3024,161.8,181.0,2990.0,47.0
44.0,149.0,127.0,10.044,0.0684,152.2,173.6,3299.0,22.0
141.0,152.0,105.0,12.1608,0.1692,173.8,169.8,3648.0,47.0
50.0,158.0,96.0,14.0076,0.1692,172.8,173.6,505.0,62.0
38.0,140.0,98.0,13.068,0.2016,142.8,139.4,1161.0,42.0
3.0,135.0,131.0,13.1328,9.3708,166.4,164.6,1213.0,4.0
12.0,143.0,125.0,13.2012,0.2016,171.8,179.2,1428.0,18.0
5.0,137.0,129.0,12.0924,3.1248,161.8,167.6,1524.0,8.0
5.0,164.0,150.0,13.7052,3.6936,179.2,179.2,377.0,14.0
26.0,153.0,118.0,14.31,0.0684,167.2,173.2,596.0,35.0
5.0,152.0,141.0,13.1004,5.9472,186.2,187.8,917.0,11.0
42.0,143.0,98.0,13.1004,0.1332,182.2,184.8,1076.0,45.0
24.0,102.0,87.0,6.9192,0.0,182.6,182.0,1082.0,15.0
3.0,143.0,140.0,13.4028,6.8184,164.0,163.4,1512.0,3.0
50.0,143.0,97.0,13.1004,0.2016,153.4,174.0,1725.0,46.0
9.0,146.0,131.0,12.6972,0.1008,186.8,191.4,2406.0,15.0
8.0,154.0,122.0,12.9672,0.0684,184.4,192.4,77.0,32.0
4.0,157.0,155.0,14.4432,12.2256,182.4,189.0,901.0,2.0
10.0,155.0,142.0,13.7376,0.3024,180.4,179.0,1032.0,13.0
11.0,145.0,137.0,14.2416,0.0,177.4,176.4,1185.0,8.0
8.0,150.0,142.0,13.9068,0.1008,188.6,187.8,1338.0,8.0
38.0,150.0,114.0,12.4632,0.1692,199.2,188.2,1737.0,36.0
21.0,160.0,139.0,13.572,3.492,188.8,191.4,1925.0,21.0
6.0,154.0,151.0,13.8384,6.516,172.6,177.0,2168.0,3.0
9.0,155.0,149.0,12.7296,0.234,176.8,176.8,2276.0,6.0
28.0,163.0,114.0,13.3344,0.27,177.0,178.6,327.0,49.0
16.0,150.0,135.0,12.7656,10.0764,177.8,178.8,519.0,15.0
36.0,149.0,110.0,13.7736,0.3348,171.0,173.6,759.0,39.0
17.0,135.0,121.0,13.9068,9.2376,176.2,178.8,810.0,14.0
19.0,143.0,127.0,12.3264,0.0,186.6,184.6,1862.0,16.0
55.0,143.0,106.0,11.3544,0.0324,162.8,173.6,2090.0,37.0
6.0,147.0,143.0,12.3948,0.504,195.0,192.0,2617.0,4.0
10.0,148.0,138.0,12.4272,0.0,180.6,174.6,3833.0,10.0
20.0,141.0,128.0,11.9592,0.0,184.4,179.8,3950.0,13.0
45.0,138.0,117.0,12.2616,0.1332,182.2,180.6,4189.0,21.0
43.0,148.0,112.0,13.4712,0.234,183.2,180.4,4416.0,36.0
38.0,161.0,106.0,12.9312,0.1008,175.0,175.4,520.0,55.0
41.0,149.0,103.0,13.032,0.0,175.8,177.2,763.0,46.0
44.0,144.0,95.0,12.2616,0.1332,174.4,175.6,1200.0,49.0
6.0,148.0,143.0,11.52,0.1008,150.2,150.6,2356.0,5.0
10.0,140.0,130.0,10.9152,0.0,152.8,159.4,2362.0,10.0
47.0,144.0,107.0,12.2616,0.0684,169.4,169.0,2481.0,37.0
33.0,149.0,117.0,13.1328,0.3024,163.0,164.2,2854.0,32.0
156.0,142.0,94.0,12.3624,6.5484,160.2,187.8,2936.0,48.0
14.0,145.0,131.0,12.798,0.2016,174.2,174.8,3352.0,14.0
4.0,149.0,142.0,13.2336,1.4796,160.6,161.2,3694.0,7.0
20.0,141.0,128.0,9.8424,0.0,162.6,163.8,3699.0,13.0
10.0,143.0,134.0,12.4956,0.2016,166.4,167.0,4339.0,9.0
7.0,133.0,131.0,11.2536,0.0684,172.6,173.2,4393.0,2.0
8.0,141.0,137.0,12.024,0.1008,160.6,163.6,4503.0,4.0
25.0,145.0,124.0,12.8988,0.234,161.6,162.6,4735.0,21.0
28.0,147.0,125.0,12.8304,0.27,178.2,178.0,5080.0,22.0
11.0,142.0,135.0,12.2616,0.0,163.0,163.8,5310.0,7.0
5.0,147.0,141.0,12.06,6.9876,131.6,131.2,5498.0,6.0
9.0,148.0,139.0,12.4956,0.1332,125.6,126.2,5880.0,9.0
12.0,139.0,131.0,0.1332,0.0,129.8,133.2,5884.0,8.0
2.0,153.0,151.0,14.1768,13.6728,177.8,177.0,190.0,2.0
15.0,161.0,139.0,15.048,0.1692,165.0,177.2,473.0,22.0
3.0,163.0,162.0,15.3828,13.8744,178.2,179.0,517.0,1.0
4.0,150.0,147.0,12.4272,7.3548,189.2,190.2,1099.0,3.0
2.0,143.0,141.0,11.556,11.4192,182.4,182.0,1267.0,2.0
23.0,150.0,134.0,15.4512,0.0,175.0,169.8,1685.0,16.0
9.0,149.0,141.0,13.5036,0.1332,176.0,172.8,1872.0,8.0
12.0,143.0,132.0,11.9232,2.9556,171.4,170.0,1901.0,11.0
25.0,144.0,120.0,11.6892,0.3708,182.8,183.2,2358.0,24.0
81.0,162.0,64.0,13.806,0.0684,201.6,187.0,183.0,98.0
15.0,141.0,102.0,11.8584,0.0324,191.4,186.8,202.0,39.0
37.0,144.0,107.0,12.8304,0.2016,173.0,181.4,984.0,37.0
5.0,132.0,127.0,11.4552,3.1572,189.6,187.8,1442.0,5.0
13.0,142.0,119.0,12.4272,0.9756,188.6,191.4,1704.0,23.0
25.0,135.0,115.0,11.8908,0.0684,179.4,183.6,2052.0,20.0
25.0,134.0,113.0,11.6892,0.1332,190.0,192.0,2276.0,21.0
5.0,139.0,132.0,12.5964,0.234,188.0,186.2,2461.0,7.0
56.0,130.0,83.0,12.1932,0.0684,185.6,176.6,2470.0,47.0
13.0,129.0,118.0,11.3544,0.0,175.6,176.0,2531.0,11.0
70.0,136.0,83.0,12.1248,0.1692,198.2,199.6,3199.0,53.0
10.0,140.0,124.0,12.1608,0.2016,171.0,175.8,3544.0,16.0
15.0,135.0,107.0,11.8224,0.1692,166.6,170.0,3603.0,28.0
52.0,162.0,76.0,10.3464,0.1692,170.4,189.8,224.0,86.0
46.0,158.0,90.0,12.5964,0.1008,194.2,179.0,432.0,68.0
21.0,153.0,102.0,11.1852,0.1332,181.8,184.2,565.0,51.0
4.0,130.0,124.0,11.9592,11.6208,179.0,181.4,807.0,6.0
28.0,132.0,105.0,11.6208,0.1332,201.8,191.6,1537.0,27.0
40.0,131.0,87.0,11.9232,0.27,174.4,177.0,1655.0,44.0
46.0,128.0,92.0,10.782,0.2016,178.8,183.2,2999.0,36.0
28.0,123.0,96.0,11.1852,0.0324,176.8,178.4,3051.0,27.0
9.0,130.0,122.0,11.556,0.27,193.2,191.4,3253.0,8.0
27.0,164.0,94.0,11.8584,0.0,179.6,182.6,111.0,70.0
4.0,157.0,142.0,13.032,4.9716,177.2,178.2,266.0,15.0
28.0,146.0,100.0,11.286,0.0,186.4,179.4,348.0,46.0
14.0,135.0,117.0,11.9916,1.1088,172.2,181.8,595.0,18.0
25.0,138.0,112.0,12.7296,0.3024,182.4,177.2,824.0,26.0
45.0,136.0,102.0,11.4192,0.1332,167.0,159.6,1068.0,34.0
17.0,134.0,117.0,12.2256,0.0684,186.2,186.6,1606.0,17.0
5.0,132.0,128.0,11.3184,0.27,184.6,182.4,1687.0,4.0
54.0,131.0,81.0,11.2176,0.234,193.4,185.8,2207.0,50.0
13.0,131.0,115.0,11.5884,1.9152,184.0,180.8,2969.0,16.0
10.0,131.0,118.0,10.9512,0.0684,152.6,163.2,3249.0,13.0
13.0,131.0,120.0,12.1608,0.0,217.4,197.2,3630.0,11.0
32.0,166.0,127.0,10.7136,0.0324,191.8,235.6,162.0,39.0
23.0,146.0,113.0,11.7576,0.1332,177.6,180.2,526.0,33.0
8.0,139.0,130.0,10.7136,0.2016,206.8,203.8,1400.0,9.0
14.0,138.0,127.0,11.9232,0.1692,183.8,183.0,1829.0,11.0
12.0,133.0,122.0,10.7496,0.234,186.0,187.4,2242.0,11.0
70.0,127.0,102.0,10.314,0.1008,191.6,193.8,2753.0,25.0
26.0,134.0,115.0,11.2536,0.1692,175.4,178.0,3019.0,19.0
7.0,132.0,126.0,10.782,0.1692,172.2,172.0,3147.0,6.0
8.0,129.0,126.0,10.4796,0.0,171.4,177.0,3415.0,3.0
18.0,128.0,122.0,9.3384,0.0,170.8,175.6,3811.0,6.0
46.0,142.0,103.0,9.774,0.0324,170.4,171.8,4291.0,39.0
18.0,137.0,128.0,10.9512,0.0,166.8,183.2,4533.0,9.0
13.0,128.0,120.0,10.3788,0.1332,183.0,182.6,4558.0,8.0
24.0,127.0,127.0,10.548,0.0,169.4,169.2,4730.0,0.0
3.0,115.0,113.0,11.556,10.314,173.4,174.2,4756.0,2.0
13.0,133.0,125.0,11.016,0.0684,171.8,174.2,4803.0,8.0
5.0,125.0,123.0,11.1168,4.1328,166.4,169.6,4834.0,2.0
67.0,134.0,89.0,11.8224,0.0684,209.2,190.2,5627.0,45.0
19.0,136.0,127.0,11.3544,0.1332,170.0,170.4,5835.0,9.0
6.0,120.0,114.0,10.1772,0.0,169.4,171.4,5850.0,6.0
7.0,134.0,130.0,11.3544,2.7216,153.0,162.8,5914.0,4.0
20.0,137.0,129.0,11.1852,0.2016,161.4,153.0,6144.0,8.0
47.0,138.0,111.0,11.3868,0.0324,170.8,186.6,6398.0,27.0
6.0,133.0,128.0,10.7136,0.1008,169.8,169.0,6585.0,5.0
14.0,172.0,115.0,10.5156,0.0,200.8,196.6,60.0,57.0
2.0,168.0,168.0,10.3788,10.0764,182.2,183.8,245.0,0.0
5.0,150.0,136.0,11.9592,4.0968,185.8,185.4,589.0,14.0
12.0,142.0,123.0,12.7656,0.1332,194.0,192.6,938.0,19.0
1.0,137.0,137.0,11.4192,11.3544,179.0,179.8,1055.0,0.0
34.0,134.0,115.0,9.9756,0.0324,182.0,183.6,1062.0,19.0
6.0,144.0,141.0,12.06,0.1332,175.6,178.0,1301.0,3.0
4.0,143.0,143.0,11.8224,3.492,184.2,184.8,1771.0,0.0
17.0,143.0,121.0,10.4472,0.0324,186.0,186.4,1789.0,22.0
25.0,141.0,117.0,11.052,0.0684,176.0,182.2,1917.0,24.0
8.0,148.0,139.0,11.1168,0.0324,185.0,187.2,2437.0,9.0
25.0,145.0,127.0,12.4632,0.27,189.4,184.4,3178.0,18.0
6.0,142.0,137.0,12.1608,0.1332,188.0,190.6,3550.0,5.0
29.0,169.0,101.0,12.528,0.0,183.8,181.6,105.0,68.0
30.0,162.0,95.0,12.6972,0.1332,177.6,177.0,332.0,67.0
3.0,161.0,144.0,12.9672,3.4272,169.4,170.2,443.0,17.0
67.0,141.0,83.0,12.7656,0.1332,181.0,189.0,785.0,58.0
12.0,148.0,129.0,13.1688,0.0,179.6,178.4,1005.0,19.0
3.0,150.0,147.0,13.572,13.4712,183.4,183.2,1387.0,3.0
46.0,142.0,101.0,12.6972,0.1008,179.4,181.8,1459.0,41.0
25.0,142.0,115.0,12.8664,0.0324,172.6,170.8,1545.0,27.0
37.0,117.0,124.0,0.0,13.7052,171.2,172.4,1547.0,-7.0
29.0,149.0,121.0,13.1688,0.27,152.2,173.8,1868.0,28.0
6.0,149.0,142.0,12.528,0.504,169.2,170.4,2212.0,7.0
38.0,143.0,111.0,13.806,0.1008,175.8,176.6,2322.0,32.0
4.0,142.0,139.0,11.6568,9.2376,173.0,176.0,2669.0,3.0
27.0,135.0,115.0,12.1932,0.3024,189.2,186.4,3014.0,20.0
50.0,130.0,99.0,10.9512,0.0,190.8,188.2,3119.0,31.0
6.0,128.0,125.0,11.1852,1.5444,180.4,180.4,3183.0,3.0
6.0,147.0,143.0,13.2696,0.0,195.6,192.8,3438.0,4.0
7.0,138.0,133.0,12.3624,0.2016,186.0,183.2,3800.0,5.0
50.0,144.0,109.0,12.7656,0.234,192.4,193.4,4165.0,35.0
8.0,135.0,129.0,11.3184,0.234,184.2,184.4,4534.0,6.0
20.0,131.0,116.0,10.6488,0.1008,185.2,180.2,4957.0,15.0
12.0,128.0,119.0,10.7136,0.0,186.2,187.0,5690.0,9.0
12.0,167.0,157.0,11.9232,0.0324,175.2,175.4,57.0,10.0
25.0,165.0,98.0,13.1004,0.0684,188.0,181.8,116.0,67.0
38.0,139.0,111.0,11.8584,0.2016,180.2,178.8,672.0,28.0
20.0,135.0,116.0,12.1248,0.0324,172.6,174.8,712.0,19.0
3.0,144.0,144.0,11.0844,11.052,177.8,178.8,1136.0,0.0
6.0,151.0,147.0,11.052,0.1332,186.2,186.2,1536.0,4.0
33.0,156.0,130.0,14.31,0.2016,167.0,170.8,1816.0,26.0
40.0,155.0,123.0,12.564,0.1332,170.0,179.8,2149.0,32.0
8.0,145.0,140.0,10.9836,0.1332,176.8,178.8,2255.0,5.0
67.0,137.0,104.0,10.8828,0.1332,179.0,180.2,2281.0,33.0
70.0,167.0,116.0,14.7456,0.2016,154.8,185.6,2915.0,51.0
15.0,153.0,114.0,10.5804,0.0,188.8,194.0,386.0,39.0
4.0,133.0,131.0,11.2176,10.6812,203.8,203.6,1171.0,2.0
116.0,128.0,80.0,11.8584,0.27,172.6,187.2,1508.0,48.0
11.0,133.0,124.0,11.6568,0.1692,193.0,196.0,1979.0,9.0
22.0,133.0,117.0,12.1932,0.1008,225.0,217.6,2965.0,16.0
8.0,133.0,124.0,11.052,0.1692,192.4,193.0,3092.0,9.0
8.0,135.0,131.0,11.556,0.0,191.0,191.2,3464.0,4.0
14.0,133.0,105.0,11.9916,0.27,186.8,187.4,3884.0,28.0
9.0,134.0,127.0,11.7216,0.0,201.8,194.8,4190.0,7.0
31.0,163.0,163.0,12.7656,0.0324,166.8,168.6,209.0,0.0
9.0,161.0,135.0,12.2616,0.0,178.4,182.2,368.0,26.0
2.0,165.0,162.0,11.79,11.6568,159.4,158.0,529.0,3.0
36.0,149.0,98.0,11.1528,5.004,225.2,207.8,645.0,51.0
24.0,146.0,111.0,12.2616,0.1008,164.6,168.6,818.0,35.0
16.0,155.0,127.0,10.8828,0.0,213.8,197.0,1055.0,28.0
13.0,150.0,123.0,11.3184,0.0,128.2,148.6,1467.0,27.0
28.0,177.0,120.0,14.4108,0.0684,205.0,195.0,73.0,57.0
6.0,164.0,153.0,13.1328,0.0,183.8,185.4,175.0,11.0
3.0,153.0,151.0,13.2696,13.068,199.2,198.4,553.0,2.0
37.0,161.0,124.0,12.06,0.1692,181.8,191.6,876.0,37.0
9.0,139.0,129.0,11.79,0.4356,193.2,194.8,954.0,10.0
9.0,157.0,124.0,11.6208,0.0324,180.8,185.6,1097.0,33.0
23.0,150.0,113.0,12.1248,0.0684,189.0,190.8,1307.0,37.0
6.0,153.0,134.0,12.06,0.1332,181.8,185.8,1783.0,19.0
10.0,141.0,126.0,11.52,0.2016,182.6,177.8,2033.0,15.0
8.0,142.0,131.0,10.9512,0.1332,186.0,187.8,2164.0,11.0
29.0,132.0,114.0,11.4192,0.2016,207.0,204.2,2397.0,18.0
14.0,141.0,128.0,12.7296,0.0,194.4,193.8,2518.0,13.0
44.0,147.0,107.0,12.1932,0.1008,193.2,197.0,2997.0,40.0
15.0,145.0,126.0,12.3624,0.4032,198.8,204.2,3060.0,19.0
8.0,136.0,129.0,11.79,0.234,196.6,194.0,3233.0,7.0
6.0,149.0,141.0,12.7656,0.3348,201.8,201.0,3470.0,8.0
20.0,142.0,121.0,11.8224,0.1692,193.4,198.8,3774.0,21.0
25.0,163.0,112.0,14.4108,0.0684,187.4,194.0,509.0,51.0
24.0,142.0,111.0,11.2536,2.9556,180.8,204.6,1001.0,31.0
3.0,149.0,145.0,13.2336,12.9996,194.8,193.2,1480.0,4.0
37.0,138.0,105.0,11.2176,0.0,195.2,189.8,1907.0,33.0
61.0,135.0,89.0,12.4632,0.1008,189.0,181.8,2018.0,46.0
58.0,155.0,101.0,13.6368,0.2016,174.4,185.8,2236.0,54.0
49.0,141.0,87.0,12.5964,0.2016,185.0,188.8,2355.0,54.0
17.0,102.0,96.0,12.06,0.0,188.6,186.8,2365.0,6.0
13.0,140.0,132.0,10.3464,0.1008,206.6,203.0,2493.0,8.0
4.0,150.0,146.0,12.5964,0.0,202.4,207.6,3107.0,4.0
20.0,138.0,113.0,10.9152,0.0,187.6,185.4,636.0,25.0
4.0,139.0,135.0,11.4876,11.016,177.0,179.6,1336.0,4.0
28.0,141.0,104.0,11.286,0.0,167.0,167.8,649.0,37.0
11.0,148.0,135.0,13.4712,0.0684,186.8,187.0,1112.0,13.0
4.0,153.0,151.0,13.3704,7.9596,184.6,183.0,1319.0,2.0
10.0,156.0,146.0,14.6448,0.3348,178.8,180.4,1520.0,10.0
57.0,155.0,105.0,14.9472,0.3348,176.4,178.0,1725.0,50.0
36.0,149.0,118.0,13.068,0.504,181.0,182.8,2280.0,31.0
32.0,144.0,117.0,13.302,0.0324,182.2,182.2,2334.0,27.0
30.0,153.0,129.0,13.7376,0.4032,167.8,169.2,2794.0,24.0
21.0,147.0,128.0,11.8584,0.0324,171.6,172.2,2860.0,19.0
13.0,154.0,143.0,12.024,0.0,174.6,175.0,3035.0,11.0
22.0,143.0,126.0,9.3384,0.0,178.6,179.4,3042.0,17.0
3.0,158.0,156.0,13.2012,12.7296,159.0,158.4,3298.0,2.0
72.0,154.0,105.0,10.9152,0.0,158.8,160.0,3303.0,49.0
15.0,156.0,143.0,14.58,0.1008,157.2,159.0,3669.0,13.0
71.0,159.0,106.0,14.31,0.0,178.2,177.8,3721.0,53.0
49.0,169.0,126.0,16.7292,0.5364,160.4,161.6,3901.0,43.0
27.0,170.0,154.0,16.4268,0.0,143.8,147.2,4077.0,16.0
4.0,175.0,157.0,12.294,11.9232,191.8,190.0,103.0,18.0
17.0,169.0,108.0,13.4712,0.0,185.0,184.6,113.0,61.0
22.0,183.0,112.0,10.1448,0.0324,175.6,180.2,375.0,71.0
15.0,164.0,118.0,12.3264,0.0684,171.4,172.8,437.0,46.0
12.0,141.0,120.0,11.9592,2.2824,176.2,191.2,654.0,21.0
9.0,131.0,122.0,12.4272,3.6612,195.0,192.4,945.0,9.0
7.0,139.0,131.0,12.7296,0.3024,195.8,193.4,1112.0,8.0
11.0,133.0,124.0,11.8224,0.0324,185.4,184.6,1993.0,9.0
13.0,137.0,127.0,11.8908,0.234,183.6,186.6,2192.0,10.0
37.0,133.0,106.0,8.8668,0.1692,187.2,193.6,2394.0,27.0
22.0,136.0,120.0,11.4552,0.0,184.6,194.4,2757.0,16.0
29.0,165.0,107.0,13.6728,0.1008,176.0,178.8,237.0,58.0
33.0,165.0,88.0,14.04,0.27,181.8,182.6,295.0,77.0
17.0,147.0,117.0,11.4876,0.0,166.6,169.0,668.0,30.0
33.0,147.0,109.0,10.4796,0.1008,186.8,189.2,745.0,38.0
7.0,149.0,142.0,12.0924,0.0,174.0,191.4,855.0,7.0
21.0,145.0,124.0,12.9996,0.0,171.4,174.6,1070.0,21.0
47.0,149.0,102.0,12.024,0.1332,186.0,191.6,1221.0,47.0
24.0,144.0,118.0,11.9916,0.1008,188.6,188.6,1496.0,26.0
12.0,146.0,137.0,13.7736,0.0684,197.4,192.2,1810.0,9.0
43.0,152.0,106.0,11.4192,0.1008,190.4,211.8,2034.0,46.0
28.0,142.0,125.0,15.4188,0.0,198.6,193.8,2157.0,17.0
17.0,137.0,122.0,12.6972,0.0684,182.0,202.0,2205.0,15.0
54.0,141.0,82.0,11.6208,0.0684,207.8,205.0,2404.0,59.0
60.0,142.0,84.0,12.4272,0.1008,200.4,204.0,2536.0,58.0
87.0,143.0,79.0,12.528,0.27,178.4,182.0,2622.0,64.0
8.0,138.0,134.0,12.1932,0.234,185.4,184.2,2751.0,4.0
109.0,132.0,79.0,9.7092,0.1692,206.2,216.0,2887.0,53.0
28.0,83.0,91.0,11.4552,0.2016,208.4,199.2,2895.0,-8.0
30.0,146.0,115.0,13.9392,0.1692,193.8,196.0,3268.0,31.0
33.0,143.0,110.0,12.2256,0.0,205.6,195.2,3499.0,33.0
3.0,180.0,174.0,10.3788,9.9108,169.2,170.2,127.0,6.0
9.0,168.0,135.0,14.1408,0.0,177.8,178.4,143.0,33.0
22.0,143.0,110.0,13.2696,0.1692,173.0,183.2,560.0,33.0
26.0,133.0,100.0,10.6488,0.0324,180.0,187.2,770.0,33.0
4.0,138.0,137.0,13.1688,12.4272,190.2,192.6,826.0,1.0
10.0,130.0,121.0,11.4192,0.0,172.4,174.8,1049.0,9.0
4.0,136.0,136.0,12.5964,8.1972,180.0,180.4,1192.0,0.0
9.0,142.0,132.0,12.1248,0.0,184.2,183.0,1631.0,10.0
10.0,138.0,130.0,12.2256,0.1008,178.4,179.0,1968.0,8.0
14.0,162.0,123.0,12.4632,0.0,168.6,166.4,51.0,39.0
25.0,172.0,116.0,15.9552,0.0,161.8,155.4,105.0,56.0
3.0,158.0,155.0,14.0076,13.536,174.2,174.2,256.0,3.0
3.0,170.0,169.0,16.5276,16.2252,186.2,185.0,705.0,1.0
23.0,167.0,131.0,12.564,1.1088,181.8,181.6,711.0,36.0
227.0,150.0,87.0,12.3948,0.738,199.0,206.2,1049.0,63.0
50.0,148.0,106.0,11.9232,0.234,194.0,203.6,1174.0,42.0
17.0,125.0,123.0,13.3704,0.3348,207.4,190.0,1192.0,2.0
33.0,152.0,129.0,12.3264,0.1332,175.2,175.0,1608.0,23.0
52.0,160.0,128.0,12.6648,0.27,177.2,178.4,2036.0,32.0
38.0,149.0,113.0,11.6208,2.8872,192.6,181.2,2139.0,36.0
112.0,141.0,104.0,11.2536,0.1008,189.6,204.4,2187.0,37.0
13.0,165.0,157.0,15.822,0.1332,177.4,179.0,2669.0,8.0
8.0,130.0,123.0,11.9592,0.0684,163.2,163.2,53.0,7.0
4.0,138.0,132.0,11.0844,8.6328,170.8,179.2,270.0,6.0
14.0,142.0,111.0,9.4716,0.1332,207.6,206.0,335.0,31.0
31.0,137.0,93.0,12.4956,0.1332,207.4,183.6,561.0,44.0
57.0,139.0,78.0,11.8908,0.1008,181.8,181.8,781.0,61.0
18.0,139.0,113.0,12.1932,0.0,160.8,158.4,1062.0,26.0
5.0,130.0,124.0,10.6128,0.1008,173.8,174.0,1378.0,6.0
9.0,145.0,134.0,12.6288,1.278,168.6,174.2,2352.0,11.0
78.0,171.0,69.0,12.2256,0.0684,174.8,189.8,362.0,102.0
45.0,170.0,82.0,14.2416,0.0324,180.8,186.6,430.0,88.0
13.0,148.0,121.0,12.564,0.0,175.6,176.8,722.0,27.0
47.0,132.0,87.0,11.7216,0.1332,180.6,179.6,1118.0,45.0
34.0,134.0,95.0,11.3544,0.1692,186.0,187.0,1306.0,39.0
4.0,122.0,121.0,11.0844,10.3788,186.6,188.6,1346.0,1.0
20.0,128.0,105.0,11.7216,0.3024,187.6,184.2,1375.0,23.0
40.0,133.0,83.0,8.7336,0.1008,180.6,183.4,1502.0,50.0
5.0,138.0,134.0,12.1932,4.2984,181.0,182.4,1715.0,4.0
66.0,133.0,86.0,11.1528,0.0,182.0,181.8,1838.0,47.0
5.0,131.0,126.0,13.3704,0.1692,181.6,182.2,1864.0,5.0
38.0,135.0,97.0,11.4876,0.1692,177.6,177.8,2145.0,38.0
10.0,140.0,124.0,12.4956,0.3348,179.6,181.0,2309.0,16.0
308.0,128.0,110.0,15.048,3.2904,181.8,180.4,2316.0,18.0
33.0,136.0,107.0,12.6288,0.234,172.8,177.8,2579.0,29.0
73.0,131.0,87.0,10.9512,0.0684,184.2,183.6,2804.0,44.0
4.0,136.0,131.0,12.6972,3.7296,171.8,173.6,2990.0,5.0
21.0,139.0,120.0,12.1608,0.0,175.0,183.6,3215.0,19.0
48.0,137.0,104.0,12.0924,5.04,179.8,181.2,3506.0,33.0
46.0,132.0,86.0,11.2176,0.1692,177.0,178.2,3607.0,46.0
48.0,135.0,88.0,12.6288,0.1332,177.0,180.8,3684.0,47.0
72.0,138.0,79.0,12.1932,0.1332,182.6,184.4,3800.0,59.0
6.0,140.0,139.0,12.798,0.0,182.8,182.8,4072.0,1.0
57.0,136.0,99.0,11.6892,0.1692,175.4,177.4,4287.0,37.0
20.0,150.0,133.0,12.7656,0.3348,176.2,178.2,4476.0,17.0
16.0,137.0,124.0,11.9916,2.0844,178.2,180.4,4582.0,13.0
3.0,142.0,140.0,11.4876,11.3184,169.6,171.2,5289.0,2.0
4.0,142.0,138.0,12.06,11.8224,175.6,174.6,5506.0,4.0
26.0,145.0,125.0,12.5964,0.27,156.6,167.8,5954.0,20.0
6.0,145.0,143.0,11.8224,0.1332,171.0,171.0,6075.0,2.0
24.0,159.0,91.0,12.9672,0.0,209.6,210.4,44.0,68.0
6.0,172.0,150.0,12.294,3.1896,187.6,187.4,201.0,22.0
7.0,155.0,131.0,12.7656,0.0684,174.4,176.4,538.0,24.0
318.0,126.0,72.0,11.052,0.3348,175.0,205.4,1216.0,54.0
5.0,134.0,129.0,12.528,11.7216,189.2,189.0,1368.0,5.0
10.0,135.0,123.0,9.2376,0.0324,181.4,183.2,1503.0,12.0
9.0,133.0,126.0,10.5804,0.1008,180.8,180.2,1686.0,7.0
7.0,127.0,125.0,12.0924,3.2904,195.6,188.8,1771.0,2.0
10.0,128.0,120.0,9.54,0.0324,179.2,179.2,1805.0,8.0
6.0,135.0,130.0,11.1852,8.4312,184.8,186.2,2023.0,5.0
35.0,134.0,106.0,11.8224,0.1008,183.0,184.2,2614.0,28.0
9.0,137.0,129.0,12.294,0.2016,182.4,183.8,2759.0,8.0
25.0,133.0,119.0,12.06,0.1692,180.4,187.6,3136.0,14.0
9.0,130.0,121.0,11.052,2.988,183.2,191.8,3309.0,9.0
138.0,131.0,83.0,10.8504,0.27,180.0,189.8,3497.0,48.0
6.0,168.0,133.0,11.9232,0.27,164.4,166.6,53.0,35.0
45.0,162.0,99.0,14.6448,0.1008,167.8,181.4,460.0,63.0
5.0,148.0,140.0,12.4272,11.052,158.6,161.0,575.0,8.0
7.0,155.0,143.0,13.2696,0.0,179.0,182.2,755.0,12.0
16.0,145.0,123.0,11.7216,0.0,172.4,171.0,1679.0,22.0
20.0,144.0,128.0,11.9916,0.27,170.8,174.4,2173.0,16.0
38.0,152.0,98.0,12.9996,0.0684,183.6,186.6,445.0,54.0
55.0,140.0,86.0,13.2696,0.3348,191.4,215.8,809.0,54.0
26.0,142.0,113.0,12.5964,2.0844,190.0,187.2,917.0,29.0
33.0,142.0,115.0,12.6288,0.1692,203.2,202.6,1560.0,27.0
14.0,120.0,113.0,11.286,0.0,192.6,185.2,1585.0,7.0
8.0,141.0,133.0,13.2012,0.3348,176.4,176.6,1922.0,8.0
2.0,147.0,145.0,12.3264,11.79,189.0,189.0,2033.0,2.0
30.0,136.0,118.0,12.7656,0.1332,182.0,183.8,2292.0,18.0
11.0,151.0,135.0,12.7296,0.234,189.8,193.8,2836.0,16.0
14.0,139.0,116.0,12.1248,0.27,182.0,182.6,293.0,23.0
4.0,127.0,124.0,10.8144,6.8184,181.6,181.0,320.0,3.0
16.0,136.0,123.0,10.7496,0.0,181.4,184.8,1031.0,13.0
4.0,137.0,136.0,10.7496,0.0,174.8,178.6,1271.0,1.0
24.0,153.0,106.0,10.782,0.1692,179.8,192.2,2079.0,47.0
11.0,135.0,124.0,10.8828,0.1008,177.8,177.4,2291.0,11.0
3.0,138.0,138.0,11.4552,11.3184,179.4,180.0,2350.0,0.0
41.0,148.0,114.0,11.7576,0.4032,181.4,183.2,2597.0,34.0
188.0,122.0,90.0,9.7416,0.3024,182.6,175.0,2623.0,32.0
6.0,164.0,141.0,11.3544,2.3832,103.4,107.4,302.0,23.0
13.0,152.0,137.0,12.294,0.0,205.4,204.0,1749.0,15.0
9.0,151.0,143.0,11.4552,0.0,207.0,216.0,1801.0,8.0
16.0,151.0,142.0,10.5804,0.0,171.0,181.8,2518.0,9.0
156.0,142.0,111.0,10.2456,0.4356,205.8,208.0,2524.0,31.0
16.0,153.0,142.0,12.3264,0.1692,180.6,189.0,2755.0,11.0
5.0,156.0,154.0,12.5964,3.258,188.4,193.4,3017.0,2.0
25.0,151.0,141.0,10.7136,0.0684,232.4,229.0,3312.0,10.0
21.0,158.0,147.0,12.1248,0.0,207.8,206.4,3541.0,11.0
115.0,146.0,118.0,11.1852,0.0324,193.8,186.8,3742.0,28.0
11.0,156.0,151.0,11.8908,0.3348,188.6,191.8,4147.0,5.0
27.0,152.0,146.0,10.6128,0.0684,192.6,181.6,4935.0,6.0
29.0,148.0,89.0,10.8144,0.0684,189.6,191.0,323.0,59.0
55.0,126.0,78.0,11.1852,0.0324,174.0,186.8,710.0,48.0
5.0,135.0,131.0,12.6288,0.3024,193.4,195.0,853.0,4.0
20.0,138.0,119.0,11.4192,0.1332,194.0,193.0,1080.0,19.0
9.0,122.0,114.0,11.6892,0.0324,197.8,199.4,1107.0,8.0
63.0,137.0,90.0,11.2536,0.2016,201.4,199.2,1351.0,47.0
12.0,132.0,119.0,11.1168,0.8388,162.6,165.8,1822.0,13.0
11.0,126.0,115.0,10.3788,0.0,189.8,188.0,1887.0,11.0
33.0,138.0,111.0,11.6892,0.1692,181.8,182.6,2311.0,27.0
7.0,132.0,128.0,11.8224,0.1692,183.0,186.6,2561.0,4.0
11.0,153.0,106.0,10.9512,0.3024,178.2,178.0,149.0,47.0
16.0,156.0,105.0,11.556,0.0324,173.2,174.2,273.0,51.0
14.0,133.0,114.0,10.7496,0.0,157.6,174.8,680.0,19.0
18.0,148.0,119.0,13.3704,0.0324,168.8,165.4,734.0,29.0
28.0,134.0,110.0,11.556,0.0324,174.2,183.0,1594.0,24.0
3.0,145.0,137.0,12.3264,6.786,169.2,168.6,394.0,8.0
52.0,136.0,77.0,11.7576,0.1332,179.4,198.0,423.0,59.0
16.0,147.0,119.0,11.9916,0.1332,179.2,181.8,539.0,28.0
7.0,140.0,133.0,12.9312,0.234,190.8,190.4,1440.0,7.0
43.0,147.0,116.0,13.302,0.3024,192.4,197.4,2082.0,31.0
8.0,139.0,134.0,11.6892,0.1332,190.6,190.2,2196.0,5.0
9.0,150.0,139.0,12.3264,0.1008,188.8,186.6,2415.0,11.0
15.0,138.0,124.0,0.0,0.0,187.0,191.0,2416.0,14.0
9.0,130.0,122.0,11.4192,3.2904,190.4,194.2,2456.0,8.0
10.0,168.0,125.0,13.2336,0.3024,181.4,183.2,213.0,43.0
88.0,148.0,86.0,11.6892,5.004,178.0,176.4,1018.0,62.0
10.0,164.0,130.0,12.5964,0.0,171.4,173.4,1080.0,34.0
67.0,159.0,98.0,13.3344,0.3024,171.8,194.0,1309.0,61.0
23.0,157.0,130.0,12.2256,0.1008,181.0,179.8,1553.0,27.0
54.0,165.0,111.0,12.294,0.1692,174.4,179.0,2016.0,54.0
17.0,142.0,133.0,11.052,0.0684,180.8,183.8,2598.0,9.0
12.0,149.0,138.0,12.024,3.024,168.4,183.6,2906.0,11.0
6.0,142.0,136.0,10.278,0.0324,189.0,192.8,2952.0,6.0
24.0,157.0,119.0,14.04,6.2136,171.2,179.6,555.0,38.0
2.0,143.0,141.0,11.556,10.1448,201.8,203.2,1002.0,2.0
11.0,143.0,130.0,12.0924,0.0,196.6,199.0,1328.0,13.0
205.0,142.0,95.0,12.4956,0.1332,195.2,201.4,2574.0,47.0
25.0,148.0,130.0,12.4632,0.0,194.4,198.6,3166.0,18.0
9.0,140.0,136.0,12.6972,0.0,189.2,192.8,3535.0,4.0
30.0,144.0,129.0,11.4876,0.0,195.0,201.0,3665.0,15.0
25.0,147.0,130.0,10.782,0.0,197.0,207.0,4150.0,17.0
9.0,162.0,138.0,12.8988,0.4356,158.2,160.2,380.0,24.0
13.0,145.0,131.0,11.8584,0.1008,181.2,181.4,983.0,14.0
11.0,160.0,125.0,14.2092,0.0684,181.6,187.8,43.0,35.0
58.0,158.0,66.0,12.7296,0.0684,191.6,204.6,151.0,92.0
29.0,139.0,110.0,12.6648,0.1332,219.6,220.8,583.0,29.0
6.0,146.0,142.0,12.528,0.4356,199.2,206.0,1292.0,4.0
9.0,144.0,135.0,12.6288,0.1008,198.0,195.4,1504.0,9.0
23.0,136.0,123.0,12.8304,0.0,194.4,193.2,1517.0,13.0
30.0,143.0,124.0,10.7136,0.0,197.8,192.0,1741.0,19.0
45.0,147.0,116.0,11.6568,0.2016,186.0,187.6,1858.0,31.0
44.0,155.0,126.0,13.6728,0.0684,204.8,203.2,2509.0,29.0
4.0,156.0,155.0,13.2336,12.564,196.6,197.8,3091.0,1.0
4.0,149.0,147.0,11.9232,8.9028,236.0,236.2,3493.0,2.0
57.0,145.0,120.0,10.4148,0.0684,214.0,215.0,3530.0,25.0
3.0,140.0,138.0,10.4148,10.4796,156.6,158.0,3802.0,2.0
2.0,145.0,147.0,12.4956,12.294,203.6,202.2,4079.0,-2.0
9.0,171.0,127.0,15.9228,0.0,191.8,191.0,29.0,44.0
22.0,144.0,109.0,11.9916,0.1692,193.6,216.8,304.0,35.0
18.0,176.0,111.0,12.6288,0.1008,184.0,191.2,414.0,65.0
8.0,147.0,133.0,12.7296,0.234,190.2,192.6,937.0,14.0
7.0,138.0,128.0,12.4272,0.0684,183.8,186.0,382.0,10.0
16.0,146.0,131.0,13.572,0.3708,186.4,186.4,527.0,15.0
31.0,136.0,114.0,11.9592,0.27,171.8,179.2,660.0,22.0
30.0,145.0,125.0,12.1248,0.2016,189.2,196.8,1808.0,20.0
48.0,143.0,119.0,11.4552,0.1008,185.6,186.2,2318.0,24.0
18.0,142.0,134.0,10.7496,0.0,176.2,180.4,2414.0,8.0
14.0,147.0,140.0,12.2256,0.0324,195.4,209.0,2567.0,7.0
9.0,153.0,152.0,15.7536,0.0,182.2,189.2,2610.0,1.0
43.0,142.0,110.0,10.7136,3.492,185.0,188.0,2717.0,32.0
27.0,169.0,169.0,14.1408,0.0,180.0,180.2,72.0,0.0
47.0,158.0,97.0,12.7296,0.0,193.0,194.6,1193.0,61.0
14.0,151.0,114.0,12.3624,0.1008,177.8,178.2,170.0,37.0
4.0,145.0,144.0,11.8224,2.5848,164.0,164.6,595.0,1.0
11.0,149.0,138.0,11.9592,0.0,166.6,167.6,1292.0,11.0
8.0,150.0,146.0,13.1004,0.27,174.4,173.6,1515.0,4.0
26.0,145.0,132.0,11.0844,0.0684,167.4,169.6,1746.0,13.0
2.0,151.0,150.0,12.0924,11.9916,175.8,176.0,2386.0,1.0
15.0,151.0,138.0,12.2616,0.1692,180.6,179.2,2581.0,13.0
37.0,139.0,124.0,11.052,0.1008,181.2,179.6,2615.0,15.0
155.0,140.0,103.0,11.7216,0.0324,174.8,176.6,2665.0,37.0
19.0,159.0,152.0,11.6208,0.0,187.8,193.4,2730.0,7.0
212.0,147.0,98.0,11.1528,0.1692,180.0,177.4,2879.0,49.0
32.0,159.0,142.0,13.3704,0.1332,170.0,174.6,3191.0,17.0
96.0,155.0,110.0,12.2616,0.1332,171.6,173.4,3910.0,45.0
20.0,156.0,147.0,11.4876,0.1332,163.0,171.2,5350.0,9.0
9.0,161.0,155.0,11.8224,0.1332,183.4,187.6,5992.0,6.0
31.0,148.0,101.0,12.4956,5.9112,175.0,178.4,236.0,47.0
266.0,159.0,105.0,12.06,0.0,177.0,184.8,2293.0,54.0
27.0,163.0,137.0,12.8664,6.75,178.6,177.4,3597.0,26.0
10.0,157.0,153.0,11.6892,0.0,181.4,180.6,3894.0,4.0
19.0,166.0,155.0,12.7656,0.0,175.8,185.8,4306.0,11.0
40.0,173.0,140.0,15.5844,0.0,182.2,198.4,4482.0,33.0
31.0,168.0,92.0,11.2176,0.0684,178.6,180.8,121.0,76.0
17.0,124.0,111.0,11.286,0.0684,164.2,171.2,910.0,13.0
20.0,129.0,112.0,10.548,2.25,167.4,168.0,1349.0,17.0
46.0,128.0,99.0,11.7576,0.1008,180.6,177.6,1994.0,29.0
15.0,135.0,112.0,10.9152,1.0764,176.2,182.8,826.0,23.0
10.0,130.0,111.0,11.3868,0.0684,194.0,194.4,855.0,19.0
67.0,128.0,81.0,11.4552,3.5928,185.2,181.8,956.0,47.0
8.0,129.0,125.0,9.54,0.0,179.4,180.4,1645.0,4.0
11.0,134.0,125.0,11.5884,0.1008,178.4,180.8,2153.0,9.0
40.0,133.0,108.0,10.9836,0.1332,185.6,190.4,2451.0,25.0
13.0,136.0,116.0,12.1932,0.1008,179.8,181.8,672.0,20.0
5.0,139.0,132.0,12.0924,2.0484,191.2,187.8,1265.0,7.0
21.0,139.0,115.0,11.9232,0.1332,189.6,193.4,1533.0,24.0
46.0,138.0,101.0,11.4192,4.5684,173.8,173.0,2440.0,37.0
164.0,133.0,85.0,10.9836,6.1488,184.0,182.6,2563.0,48.0
27.0,140.0,112.0,11.8908,0.0,177.0,177.6,2671.0,28.0
63.0,141.0,85.0,12.7656,0.3024,182.2,185.2,2806.0,56.0
87.0,132.0,85.0,11.79,5.6448,185.4,213.6,3243.0,47.0
5.0,143.0,139.0,13.032,1.8144,178.4,179.8,3991.0,4.0
42.0,141.0,110.0,12.294,0.27,174.2,175.6,4694.0,31.0
51.0,146.0,112.0,12.9312,0.1332,169.4,168.4,5149.0,34.0
52.0,157.0,117.0,13.8744,0.1692,169.0,172.4,5370.0,40.0
55.0,149.0,111.0,13.1004,0.3024,183.2,180.2,5595.0,38.0
29.0,159.0,143.0,12.9312,0.0,171.2,169.2,6449.0,16.0
17.0,119.0,104.0,10.6812,0.0,205.8,195.0,857.0,15.0
31.0,120.0,92.0,10.2456,0.0,189.0,185.6,954.0,28.0
9.0,123.0,110.0,8.8344,0.0,172.0,177.0,1213.0,13.0
46.0,127.0,84.0,10.9152,0.0,189.2,186.2,1426.0,43.0
5.0,128.0,120.0,11.79,0.0,177.4,176.4,1682.0,8.0
11.0,130.0,119.0,11.8584,0.0,180.0,182.0,1939.0,11.0
12.0,132.0,119.0,11.2536,0.0,170.8,170.8,2392.0,13.0
7.0,134.0,126.0,10.9836,0.0,179.0,180.2,2753.0,8.0
44.0,138.0,91.0,11.016,6.2136,179.6,197.0,3186.0,47.0
9.0,150.0,122.0,10.1124,0.0,176.2,175.0,702.0,28.0
112.0,156.0,83.0,12.2256,1.8144,185.6,183.0,778.0,73.0
33.0,129.0,101.0,13.1004,0.2016,186.4,181.4,1085.0,28.0
14.0,128.0,110.0,10.6812,0.1008,189.4,194.0,1230.0,18.0
28.0,142.0,123.0,11.7216,0.2016,189.4,188.8,3148.0,19.0
23.0,143.0,125.0,11.9232,0.2016,177.2,188.2,3533.0,18.0
26.0,136.0,123.0,10.9836,0.0,190.4,201.6,4552.0,13.0
51.0,129.0,83.0,11.8224,6.5484,188.8,184.6,1101.0,46.0
51.0,123.0,89.0,10.4148,0.0324,169.0,181.0,1619.0,34.0
4.0,119.0,114.0,9.8424,5.8464,180.8,180.0,1683.0,5.0
40.0,131.0,106.0,11.1168,0.0324,196.0,188.8,2608.0,25.0
15.0,131.0,119.0,10.4472,0.1692,170.8,208.6,3114.0,12.0
3.0,135.0,134.0,11.8584,11.6568,198.0,198.0,961.0,1.0
27.0,135.0,122.0,11.1528,0.1332,182.6,184.8,1273.0,13.0
17.0,130.0,119.0,10.6128,0.2016,183.8,197.0,1402.0,11.0
51.0,130.0,100.0,11.6208,0.234,198.8,197.8,1658.0,30.0
6.0,132.0,129.0,10.1124,4.9032,167.2,176.8,1911.0,3.0
43.0,148.0,112.0,13.6044,0.1332,193.8,192.6,770.0,36.0
25.0,144.0,116.0,12.3264,0.0,195.0,194.2,1505.0,28.0
41.0,145.0,122.0,11.052,2.2824,183.6,195.2,2749.0,23.0
65.0,151.0,112.0,10.7496,2.484,197.0,192.2,4303.0,39.0
30.0,164.0,89.0,12.2256,0.0684,162.8,161.6,127.0,75.0
18.0,144.0,100.0,11.3184,0.8748,180.4,176.6,254.0,44.0
34.0,138.0,100.0,10.9836,0.1332,169.0,169.8,383.0,38.0
17.0,129.0,107.0,11.0844,0.0324,183.0,181.6,540.0,22.0
2.0,135.0,133.0,9.8424,9.8748,156.2,157.4,751.0,2.0
52.0,135.0,99.0,11.5884,0.234,181.0,183.8,1174.0,36.0
43.0,145.0,112.0,11.1852,0.1692,185.2,184.2,2289.0,33.0
4.0,119.0,124.0,11.2176,4.8384,186.0,186.4,2316.0,-5.0
9.0,145.0,136.0,10.6488,5.3424,166.8,169.4,2593.0,9.0
7.0,137.0,129.0,12.6648,0.504,183.6,182.6,232.0,8.0
74.0,143.0,106.0,10.7136,0.1008,192.2,191.8,602.0,37.0
37.0,154.0,127.0,12.2616,0.234,181.4,187.6,1831.0,27.0
30.0,155.0,136.0,13.1328,0.1008,195.6,191.8,2065.0,19.0
40.0,142.0,110.0,12.1248,0.27,205.4,204.8,2092.0,32.0
44.0,115.0,108.0,6.9192,0.0324,205.8,211.4,2097.0,7.0
39.0,152.0,132.0,12.4956,0.2016,190.8,195.4,2538.0,20.0
31.0,151.0,131.0,12.294,1.4436,200.0,195.2,2773.0,20.0
74.0,161.0,131.0,12.8988,1.8144,178.4,184.6,4001.0,30.0
83.0,164.0,127.0,13.302,0.1332,175.0,177.6,4465.0,37.0
89.0,165.0,130.0,13.068,0.1008,177.0,176.0,5385.0,35.0
51.0,159.0,141.0,10.6128,0.0324,180.0,182.4,5896.0,18.0
30.0,152.0,147.0,11.286,0.0684,180.8,183.0,5979.0,5.0
20.0,156.0,148.0,11.8908,2.9232,162.4,174.0,6353.0,8.0
35.0,159.0,144.0,11.8908,0.2016,192.2,190.0,6737.0,15.0
7.0,167.0,165.0,11.7576,3.3912,186.0,185.0,7670.0,2.0
49.0,163.0,141.0,11.6208,0.27,178.8,196.6,7981.0,22.0
10.0,158.0,155.0,10.5156,0.0684,183.6,183.2,8106.0,3.0
42.0,130.0,91.0,11.6892,0.1008,184.8,188.8,846.0,39.0
14.0,143.0,119.0,12.9996,0.1332,177.6,181.2,1103.0,24.0
33.0,137.0,102.0,11.3184,0.1332,161.4,168.6,1239.0,35.0
38.0,126.0,97.0,10.0764,0.1008,187.8,186.2,1519.0,29.0
20.0,139.0,115.0,11.3544,0.1332,187.6,186.8,1756.0,24.0
18.0,132.0,115.0,11.0844,0.0324,197.6,190.0,2002.0,17.0
5.0,148.0,144.0,12.06,10.8504,216.6,218.8,4018.0,4.0
26.0,130.0,103.0,11.2176,0.27,179.2,180.4,838.0,27.0
21.0,135.0,112.0,11.9592,3.996,169.2,186.2,1120.0,23.0
2.0,132.0,131.0,11.7576,11.5884,179.2,179.8,1659.0,1.0
6.0,139.0,134.0,11.6568,1.5804,192.4,192.0,2399.0,5.0
6.0,140.0,137.0,11.286,3.0564,189.4,191.2,3231.0,3.0
44.0,167.0,108.0,11.6208,0.234,195.8,190.8,99.0,59.0
36.0,161.0,103.0,11.6208,0.0684,183.6,196.4,983.0,58.0
20.0,136.0,116.0,11.4192,0.3024,194.4,199.0,1832.0,20.0
8.0,134.0,126.0,11.4876,0.0,193.6,191.8,2556.0,8.0
13.0,131.0,119.0,11.7576,1.6452,185.4,192.0,2679.0,12.0
14.0,133.0,122.0,11.52,0.0,195.8,198.4,4248.0,11.0
6.0,129.0,125.0,11.3868,2.7864,187.0,188.4,4934.0,4.0
22.0,134.0,124.0,9.3384,0.234,189.0,190.6,5186.0,10.0
50.0,138.0,115.0,11.2536,0.1692,170.4,182.4,5803.0,23.0
23.0,137.0,127.0,9.5724,0.1332,181.0,182.6,5866.0,10.0
7.0,147.0,143.0,11.8584,0.234,211.6,224.6,6299.0,4.0
3.0,129.0,126.0,11.286,10.1124,169.0,173.2,832.0,3.0
16.0,133.0,115.0,11.3544,0.0,174.6,180.2,1534.0,18.0
16.0,124.0,111.0,11.4876,0.0,182.0,182.2,1728.0,13.0
190.0,167.0,61.0,12.528,4.5,183.0,179.0,40.0,106.0
11.0,133.0,125.0,11.52,0.0684,175.6,174.0,406.0,8.0
147.0,142.0,96.0,11.0844,0.27,165.6,186.2,1658.0,46.0
17.0,138.0,129.0,10.782,0.2016,186.8,183.2,2440.0,9.0
76.0,151.0,115.0,11.4552,0.1008,184.2,191.4,3406.0,36.0
234.0,173.0,116.0,11.2176,0.234,182.2,186.8,4425.0,57.0
68.0,154.0,136.0,11.4552,0.3348,185.2,183.6,4638.0,18.0
32.0,138.0,141.0,11.6568,0.1008,181.8,181.4,4673.0,-3.0
40.0,154.0,144.0,10.6812,0.0,177.8,178.6,4895.0,10.0
565.0,152.0,103.0,10.5804,0.27,177.2,181.6,5009.0,49.0
19.0,151.0,144.0,11.2536,4.0644,182.0,179.8,5938.0,7.0
11.0,151.0,148.0,11.052,0.0684,177.4,177.6,6035.0,3.0
809.0,156.0,110.0,10.9836,4.5684,178.6,180.0,6615.0,46.0
24.0,142.0,137.0,10.7136,5.1732,180.2,184.8,6685.0,5.0
25.0,152.0,146.0,11.016,0.0,174.2,176.6,6964.0,6.0
3.0,153.0,150.0,10.548,10.4472,179.8,182.0,7580.0,3.0
71.0,156.0,137.0,11.052,0.0,182.6,179.0,7775.0,19.0
38.0,154.0,139.0,10.7496,0.0,177.0,176.4,7962.0,15.0
18.0,156.0,151.0,10.5804,0.0,179.6,178.6,8322.0,5.0
32.0,158.0,149.0,10.548,6.1128,180.6,185.4,8701.0,9.0
4.0,154.0,153.0,10.4148,10.6488,179.4,180.6,8837.0,1.0
24.0,157.0,152.0,9.5724,0.0,184.6,185.6,9671.0,5.0
48.0,156.0,141.0,10.548,0.0,168.2,170.8,9793.0,15.0
17.0,158.0,98.0,11.3868,0.3024,177.0,177.6,182.0,60.0
14.0,129.0,107.0,11.9916,0.27,198.8,195.0,539.0,22.0
10.0,120.0,110.0,10.7136,0.1692,184.6,181.8,662.0,10.0
19.0,163.0,103.0,10.7496,1.512,183.2,190.6,370.0,60.0
45.0,129.0,90.0,11.6892,0.3348,190.4,194.0,660.0,39.0
10.0,124.0,117.0,11.286,1.3428,180.0,193.2,755.0,7.0
55.0,136.0,92.0,11.7216,2.5848,189.2,191.0,1292.0,44.0
4.0,135.0,133.0,11.4876,2.1816,190.0,191.4,1787.0,2.0
28.0,138.0,123.0,11.8584,0.0,184.2,187.8,2240.0,15.0
18.0,138.0,128.0,10.6812,0.234,198.2,193.4,2488.0,10.0
4.0,140.0,138.0,11.8584,6.0804,201.0,201.2,2704.0,2.0
33.0,165.0,125.0,15.552,0.5724,189.4,185.8,479.0,40.0
157.0,175.0,107.0,15.0156,4.6008,174.2,203.0,1247.0,68.0
66.0,163.0,121.0,13.1004,0.0324,205.4,212.0,1353.0,42.0
26.0,168.0,147.0,12.9672,0.27,186.0,181.0,1466.0,21.0
48.0,171.0,126.0,13.572,0.2016,182.8,195.2,1669.0,45.0
22.0,161.0,122.0,12.2616,0.0684,205.2,192.8,569.0,39.0
15.0,164.0,142.0,11.052,3.6612,187.6,191.4,1778.0,22.0
15.0,141.0,112.0,11.286,1.6812,199.4,189.4,537.0,29.0
7.0,164.0,133.0,11.052,4.6008,180.8,189.6,1062.0,31.0
8.0,157.0,135.0,11.7576,1.8828,170.2,173.6,1384.0,22.0
32.0,135.0,108.0,12.3948,8.9676,90.6,88.6,457.0,27.0
11.0,129.0,116.0,9.9108,8.7012,143.4,141.6,657.0,13.0
12.0,121.0,107.0,13.4028,0.0684,189.6,191.0,30.0,14.0
8.0,137.0,131.0,10.9836,0.0,193.4,193.8,643.0,6.0
5.0,145.0,142.0,12.1608,3.9636,178.4,184.0,1401.0,3.0
11.0,144.0,135.0,12.06,0.6732,182.4,182.6,1643.0,9.0
4.0,138.0,135.0,10.8144,5.04,176.2,176.6,1723.0,3.0
46.0,136.0,116.0,10.6128,0.0684,172.0,174.8,1772.0,20.0
13.0,133.0,129.0,11.7216,0.0,178.6,186.0,1817.0,4.0
11.0,158.0,118.0,10.4148,0.0324,195.2,194.8,239.0,40.0
5.0,140.0,137.0,13.3344,3.8628,194.2,192.2,480.0,3.0
8.0,130.0,121.0,11.016,4.2984,212.0,207.8,709.0,9.0
23.0,138.0,117.0,11.79,0.1692,167.4,171.4,461.0,21.0
90.0,139.0,134.0,13.2696,10.4472,160.4,157.0,675.0,5.0
6.0,96.0,99.0,0.0684,12.5964,173.8,173.8,723.0,-3.0
29.0,102.0,95.0,7.3224,0.1008,172.4,182.6,725.0,7.0
27.0,166.0,89.0,10.8144,2.25,173.6,177.2,146.0,77.0
19.0,124.0,113.0,11.286,1.9476,184.4,180.4,1182.0,11.0
49.0,165.0,88.0,12.2256,1.9152,171.8,169.8,645.0,77.0
25.0,134.0,106.0,12.5964,0.0,176.4,182.8,337.0,28.0
24.0,161.0,127.0,15.1164,3.3912,182.0,192.4,1701.0,34.0
29.0,169.0,99.0,12.1248,0.0324,169.0,164.4,55.0,70.0
33.0,144.0,100.0,11.5884,0.3024,187.2,181.6,490.0,44.0
12.0,150.0,137.0,12.8304,2.1168,160.0,163.6,1618.0,13.0
24.0,139.0,127.0,11.79,0.234,195.8,196.4,1856.0,12.0
37.0,138.0,104.0,13.8744,2.8548,172.6,184.4,24.0,34.0
22.0,148.0,116.0,13.4352,0.4356,179.2,175.8,266.0,32.0
57.0,157.0,105.0,14.7456,0.0684,175.4,178.6,688.0,52.0
34.0,149.0,122.0,11.1168,0.0684,181.2,180.0,971.0,27.0
160.0,165.0,116.0,13.2336,0.4356,167.0,167.8,2076.0,49.0
63.0,169.0,132.0,12.2256,2.52,177.2,170.4,2930.0,37.0
57.0,175.0,140.0,12.8304,2.5848,175.0,173.6,3386.0,35.0
31.0,176.0,163.0,14.0076,4.8384,172.6,179.0,3633.0,13.0
43.0,150.0,82.0,11.7576,0.0,176.0,175.0,324.0,68.0
9.0,139.0,131.0,13.5036,2.9232,177.8,174.0,748.0,8.0
8.0,132.0,123.0,11.4192,4.0968,173.4,174.6,1032.0,9.0
42.0,152.0,120.0,13.032,0.0684,172.4,175.6,2098.0,32.0
38.0,162.0,133.0,13.9752,1.9152,173.2,181.6,2360.0,29.0
9.0,146.0,142.0,12.3624,0.0,181.2,180.4,3828.0,4.0
11.0,147.0,138.0,12.6972,0.27,186.6,188.8,4090.0,9.0
30.0,163.0,94.0,12.1608,0.3708,174.2,172.2,297.0,69.0
83.0,149.0,109.0,12.0924,0.0,175.8,178.2,3554.0,40.0
40.0,147.0,122.0,11.4552,0.27,185.4,182.4,3909.0,25.0
37.0,153.0,124.0,13.4712,2.7216,179.4,173.2,4376.0,29.0
33.0,140.0,85.0,13.1004,3.7296,173.6,175.8,30.0,55.0
4.0,121.0,121.0,10.9512,10.9836,177.8,178.2,1294.0,0.0
108.0,135.0,53.0,10.3464,0.0,178.2,169.8,182.0,82.0
53.0,137.0,88.0,12.6288,0.3708,178.6,178.4,453.0,49.0
23.0,151.0,127.0,10.7496,0.1008,170.6,173.2,1267.0,24.0
34.0,139.0,84.0,11.8224,0.4356,180.4,179.8,329.0,55.0
23.0,128.0,114.0,12.0924,0.1332,177.6,181.2,810.0,14.0
40.0,134.0,101.0,12.4956,0.3348,181.4,181.0,1175.0,33.0
108.0,136.0,90.0,11.1168,0.4032,174.0,175.4,1940.0,46.0
20.0,143.0,123.0,11.9232,5.9112,179.4,182.4,2814.0,20.0
30.0,134.0,110.0,12.6288,0.3708,172.8,176.0,751.0,24.0
13.0,137.0,121.0,11.7576,0.0,185.4,183.6,1039.0,16.0
5.0,139.0,135.0,12.528,11.4192,171.2,173.6,1336.0,4.0
9.0,135.0,129.0,12.564,2.9556,168.4,169.2,1390.0,6.0
34.0,153.0,139.0,11.9916,0.1332,186.4,192.8,3928.0,14.0
24.0,125.0,99.0,12.024,0.4032,169.6,169.0,320.0,26.0
33.0,127.0,89.0,12.2256,2.25,176.2,177.6,799.0,38.0
174.0,135.0,81.0,11.1852,0.1008,175.2,179.4,1786.0,54.0
308.0,134.0,76.0,12.0924,0.0,180.2,180.6,2275.0,58.0
11.0,138.0,130.0,12.1932,0.1008,189.8,192.0,3108.0,8.0
10.0,145.0,140.0,12.8988,0.1332,191.8,192.0,3372.0,5.0
7.0,158.0,139.0,14.58,2.3832,192.0,190.8,261.0,19.0
4.0,150.0,150.0,12.8304,12.3264,179.4,180.2,1875.0,0.0
67.0,159.0,120.0,13.3344,0.0684,181.0,179.4,2554.0,39.0
79.0,162.0,125.0,13.1004,0.1692,177.6,180.8,3224.0,37.0
97.0,164.0,130.0,12.06,0.2016,175.0,184.4,5137.0,34.0
20.0,131.0,97.0,11.2536,0.0,182.6,186.2,178.0,34.0
8.0,138.0,124.0,12.4272,0.1332,169.0,169.8,505.0,14.0
63.0,136.0,89.0,13.1688,0.2016,180.8,184.4,714.0,47.0
32.0,138.0,111.0,12.3948,0.0684,190.4,188.6,939.0,27.0
570.0,137.0,75.0,10.9836,0.4032,177.6,195.8,1177.0,62.0
145.0,137.0,76.0,12.7656,0.6048,189.8,187.4,1401.0,61.0
28.0,134.0,109.0,9.6084,4.6692,168.6,203.6,1635.0,25.0
28.0,135.0,122.0,11.4552,0.3024,172.0,169.4,1894.0,13.0
83.0,116.0,80.0,12.2256,0.0684,173.4,176.6,1904.0,36.0
13.0,137.0,130.0,10.044,0.1692,181.8,180.8,2205.0,7.0
10.0,161.0,127.0,12.8664,0.3024,187.0,188.0,236.0,34.0
38.0,165.0,127.0,12.1248,0.1332,171.8,167.2,891.0,38.0
18.0,140.0,126.0,11.5884,0.0684,200.2,192.6,2084.0,14.0
13.0,142.0,131.0,11.8224,0.0684,186.6,186.4,2585.0,11.0
15.0,133.0,120.0,13.4712,0.5364,179.0,180.4,759.0,13.0
32.0,138.0,120.0,11.3544,0.1692,181.4,183.6,4262.0,18.0
14.0,148.0,138.0,12.9672,2.25,186.4,190.6,5272.0,10.0
36.0,135.0,122.0,11.9592,0.1692,204.2,204.0,2765.0,13.0
12.0,150.0,141.0,12.7296,0.0,170.2,171.2,3262.0,9.0
22.0,148.0,137.0,11.6568,0.1332,191.4,190.8,3428.0,11.0
16.0,138.0,130.0,11.016,0.0,194.4,194.8,3455.0,8.0
75.0,136.0,109.0,8.9676,0.0,195.6,194.6,3461.0,27.0
19.0,168.0,95.0,10.4148,0.0,182.8,183.2,52.0,73.0
24.0,165.0,82.0,11.052,0.0324,174.0,177.2,92.0,83.0
13.0,115.0,102.0,10.7136,0.0,186.0,190.8,534.0,13.0
22.0,122.0,110.0,11.2536,0.4032,182.2,180.2,719.0,12.0
20.0,123.0,110.0,11.7576,0.1008,190.4,189.6,959.0,13.0
103.0,120.0,79.0,10.7136,0.3348,177.2,192.6,1203.0,41.0
43.0,131.0,97.0,12.1248,0.0324,190.2,190.0,1397.0,34.0
26.0,133.0,115.0,12.2616,0.2016,208.8,199.4,1668.0,18.0
10.0,143.0,137.0,11.7216,3.2904,183.6,183.0,947.0,6.0
58.0,149.0,123.0,11.52,0.1008,183.2,184.4,1469.0,26.0
9.0,150.0,143.0,11.4552,0.3024,182.8,181.8,2112.0,7.0
54.0,147.0,121.0,11.3544,0.27,179.8,181.6,2644.0,26.0
51.0,161.0,72.0,11.5884,0.234,187.2,185.6,319.0,89.0
8.0,147.0,120.0,10.1124,0.0324,179.0,197.8,806.0,27.0
44.0,149.0,92.0,11.052,0.1008,185.8,190.4,869.0,57.0
40.0,145.0,123.0,11.7216,0.0324,183.8,185.8,2813.0,22.0
8.0,148.0,140.0,11.7576,0.1332,187.6,185.8,2901.0,8.0
13.0,148.0,140.0,11.8224,6.4836,182.6,183.8,3603.0,8.0
35.0,142.0,115.0,12.6288,0.0,118.8,-30.6,1253.0,27.0
20.0,167.0,109.0,12.3948,0.0,184.8,187.0,81.0,58.0
50.0,145.0,86.0,12.8988,0.3024,181.8,182.6,838.0,59.0
37.0,132.0,108.0,10.548,0.1692,181.0,183.0,1136.0,24.0
61.0,139.0,107.0,12.5964,0.1008,188.2,189.6,2193.0,32.0
14.0,138.0,120.0,12.564,0.0,190.6,189.0,2440.0,18.0
75.0,141.0,100.0,11.52,0.1692,188.6,186.4,2691.0,41.0
39.0,133.0,106.0,11.6208,0.1692,177.6,182.0,2961.0,27.0
23.0,141.0,124.0,11.8584,0.0,182.8,185.6,3342.0,17.0
86.0,142.0,99.0,12.2616,0.1008,186.2,185.8,3585.0,43.0
31.0,141.0,123.0,11.4876,0.2016,183.8,183.0,4133.0,18.0
8.0,146.0,141.0,11.2176,0.0,178.6,177.4,5119.0,5.0
10.0,133.0,116.0,10.6128,0.0,174.8,173.0,331.0,17.0
17.0,139.0,123.0,11.3868,0.0684,174.4,183.2,1364.0,16.0
15.0,142.0,130.0,9.81,0.0,202.6,195.6,1489.0,12.0
6.0,149.0,126.0,12.2256,1.8144,184.2,183.8,323.0,23.0
16.0,138.0,123.0,12.528,0.3708,190.2,187.4,806.0,15.0
48.0,144.0,123.0,10.782,0.27,174.6,179.8,2432.0,21.0
65.0,151.0,125.0,11.4552,0.2016,178.4,182.4,2790.0,26.0
58.0,151.0,127.0,12.06,0.3024,179.0,184.0,3281.0,24.0
28.0,170.0,87.0,13.1328,0.0324,174.4,175.0,42.0,83.0
22.0,137.0,106.0,11.7576,0.2016,178.4,181.8,254.0,31.0
37.0,143.0,107.0,12.2616,0.1692,186.4,187.0,782.0,36.0
32.0,141.0,129.0,11.7216,0.0,181.4,182.4,1601.0,12.0
79.0,156.0,115.0,12.024,0.0,183.0,182.6,2370.0,41.0
243.0,147.0,97.0,11.2176,0.2016,184.4,193.8,2516.0,50.0
49.0,138.0,111.0,11.1528,0.234,183.4,187.6,2629.0,27.0
25.0,149.0,135.0,11.7576,0.4356,180.4,181.6,3111.0,14.0
68.0,148.0,117.0,10.9836,0.1692,184.0,185.4,3360.0,31.0
77.0,141.0,108.0,11.4876,0.0684,183.2,183.0,3502.0,33.0
19.0,142.0,132.0,10.5804,0.0,182.4,185.0,3653.0,10.0
80.0,149.0,115.0,11.6208,0.1692,187.2,185.6,3904.0,34.0
99.0,146.0,110.0,12.4956,0.3348,189.4,191.6,4153.0,36.0
97.0,151.0,113.0,12.6648,0.0,175.4,184.4,4386.0,38.0
94.0,147.0,117.0,11.79,0.1692,184.4,185.4,4633.0,30.0
18.0,156.0,151.0,10.6128,0.234,185.2,179.2,6233.0,5.0
14.0,162.0,159.0,11.6892,0.0,175.8,177.4,6546.0,3.0
190.0,138.0,73.0,12.4956,0.0,176.8,175.0,622.0,65.0
259.0,132.0,68.0,11.6208,0.0684,182.8,178.6,975.0,64.0
5.0,121.0,115.0,11.1528,0.1692,177.4,178.2,408.0,6.0
31.0,162.0,100.0,13.9068,6.3828,191.6,191.0,63.0,62.0
26.0,133.0,105.0,12.7296,0.234,189.2,184.0,315.0,28.0
14.0,144.0,131.0,13.7052,0.0,194.0,194.8,734.0,13.0
58.0,140.0,93.0,12.294,0.1008,185.2,184.0,1001.0,47.0
9.0,155.0,148.0,13.1688,0.234,179.8,179.6,3721.0,7.0
26.0,165.0,146.0,15.5196,0.0684,185.4,181.2,4372.0,19.0
35.0,168.0,141.0,16.7616,0.0,198.2,188.4,4574.0,27.0
278.0,125.0,69.0,10.9152,0.0684,178.2,179.6,994.0,56.0
13.0,161.0,98.0,9.2052,0.3348,161.2,160.8,67.0,63.0
19.0,115.0,100.0,10.782,0.0684,174.8,175.8,361.0,15.0
66.0,121.0,75.0,11.3544,3.024,176.6,180.0,873.0,46.0
15.0,125.0,112.0,10.5156,0.0,185.6,183.6,1281.0,13.0
44.0,132.0,105.0,11.2176,0.0,169.6,181.0,2014.0,27.0
6.0,134.0,130.0,11.3184,0.3024,180.8,184.8,2525.0,4.0
52.0,111.0,72.0,12.1932,0.1008,192.6,202.2,44.0,39.0
64.0,141.0,91.0,11.9916,9.9756,203.2,200.8,231.0,50.0
103.0,162.0,112.0,12.9312,0.1008,193.8,194.2,1622.0,50.0
72.0,156.0,114.0,13.1688,0.234,196.2,194.0,1926.0,42.0
25.0,137.0,135.0,11.286,0.0,191.4,192.4,1978.0,2.0
17.0,136.0,122.0,10.2456,0.0324,193.0,194.2,1984.0,14.0
160.0,162.0,118.0,13.068,0.2016,192.2,194.8,3037.0,44.0
8.0,168.0,165.0,13.8384,3.5604,189.8,191.2,4283.0,3.0
346.0,171.0,112.0,11.3544,0.3348,186.4,202.6,4477.0,59.0
229.0,170.0,137.0,12.6972,0.27,194.2,204.2,5521.0,33.0
252.0,171.0,144.0,12.6972,8.1612,191.6,197.2,6206.0,27.0
35.0,169.0,157.0,12.7296,0.234,195.0,195.2,6400.0,12.0
254.0,156.0,136.0,10.1124,0.2016,194.8,194.2,6407.0,20.0
20.0,150.0,100.0,12.1608,0.0,177.0,178.8,159.0,50.0
358.0,141.0,82.0,10.782,0.0,176.0,183.4,1479.0,59.0
3.0,155.0,153.0,10.782,10.4796,179.2,180.0,1805.0,2.0
9.0,143.0,140.0,10.6488,0.8748,179.4,188.0,1822.0,3.0
24.0,161.0,105.0,12.06,4.3992,200.2,187.8,47.0,56.0
61.0,135.0,93.0,12.1932,0.0684,170.8,175.6,749.0,42.0
55.0,136.0,102.0,11.4876,0.0684,186.4,192.4,1028.0,34.0
88.0,145.0,108.0,12.1932,0.1008,178.4,178.0,1793.0,37.0
33.0,143.0,127.0,11.2536,0.2016,178.2,186.0,2081.0,16.0
19.0,148.0,132.0,12.9312,0.1008,183.0,181.0,2354.0,16.0
23.0,149.0,137.0,12.8988,2.7864,185.0,181.4,2571.0,12.0
93.0,119.0,83.0,9.54,0.0,181.8,180.0,797.0,36.0
10.0,128.0,111.0,10.8828,0.1008,173.0,171.4,59.0,17.0
106.0,150.0,83.0,13.4028,0.2016,172.2,177.6,438.0,67.0
28.0,138.0,117.0,12.06,0.0,177.2,179.0,762.0,21.0
45.0,139.0,111.0,12.8664,0.27,186.6,184.6,1060.0,28.0
6.0,163.0,159.0,12.6972,4.7016,182.4,183.2,2674.0,4.0
39.0,163.0,139.0,12.564,2.4516,182.4,181.4,2972.0,24.0
23.0,162.0,151.0,12.4632,3.5928,182.8,175.2,3441.0,11.0
28.0,165.0,151.0,12.8664,3.492,180.6,182.8,3691.0,14.0
19.0,135.0,120.0,10.6488,0.0324,170.8,174.4,1118.0,15.0
101.0,128.0,93.0,10.7496,0.0,178.0,181.6,1166.0,35.0
5.0,158.0,157.0,11.7216,6.3504,182.0,182.0,2488.0,1.0
115.0,135.0,76.0,12.7656,0.0,183.2,181.8,622.0,59.0
62.0,165.0,114.0,14.544,0.4356,175.4,178.8,740.0,51.0
58.0,168.0,114.0,16.7616,1.0764,172.6,173.4,868.0,54.0
94.0,170.0,108.0,20.088,1.3104,170.2,176.4,962.0,62.0
57.0,167.0,122.0,17.4996,3.4272,174.0,177.8,1102.0,45.0
57.0,170.0,130.0,16.9308,2.3832,179.4,176.2,1251.0,40.0
96.0,169.0,116.0,18.7452,0.0,181.6,179.8,1349.0,53.0
59.0,171.0,129.0,16.1244,4.0968,178.4,178.6,1470.0,42.0
74.0,170.0,125.0,15.6528,0.0,171.4,181.8,1597.0,45.0
100.0,171.0,123.0,21.4992,0.0,178.4,181.8,1692.0,48.0
59.0,172.0,138.0,15.9228,0.0,176.2,180.0,1829.0,34.0
55.0,176.0,144.0,15.9876,2.7864,174.6,173.0,1963.0,32.0
661.0,171.0,106.0,18.2736,0.2016,175.6,179.4,2077.0,65.0
214.0,170.0,103.0,15.4836,4.0968,177.4,177.0,2372.0,67.0
38.0,134.0,87.0,13.1004,0.27,178.0,182.6,294.0,47.0
67.0,160.0,106.0,17.6004,0.738,181.6,180.4,715.0,54.0
31.0,171.0,147.0,17.6688,2.8548,189.2,181.6,1072.0,24.0
37.0,150.0,115.0,13.302,2.8224,195.8,189.0,1519.0,35.0
33.0,170.0,93.0,12.6648,0.0684,170.6,173.0,78.0,77.0
49.0,137.0,75.0,12.2256,0.3024,169.8,173.4,383.0,62.0
48.0,128.0,87.0,12.1932,0.27,165.8,183.8,820.0,41.0
20.0,125.0,112.0,11.2536,0.3024,180.8,192.4,960.0,13.0
9.0,141.0,126.0,12.2616,0.3348,172.4,177.6,1204.0,15.0
50.0,133.0,99.0,9.54,0.1008,181.4,188.4,1466.0,34.0
111.0,130.0,72.0,11.3868,0.1008,178.0,203.4,1564.0,58.0
19.0,133.0,113.0,12.3624,0.234,168.6,172.8,677.0,20.0
90.0,132.0,87.0,11.6568,0.27,181.0,184.8,1274.0,45.0
14.0,137.0,125.0,10.4796,0.0,180.6,182.0,1604.0,12.0
26.0,156.0,134.0,11.8224,0.1008,161.2,161.4,3142.0,22.0
16.0,169.0,100.0,11.2176,0.0,178.2,174.4,127.0,69.0
56.0,140.0,82.0,11.6568,4.8384,178.0,177.8,295.0,58.0
24.0,133.0,113.0,11.556,0.1008,180.2,186.0,766.0,20.0
42.0,141.0,109.0,12.4272,0.1332,179.6,181.0,2111.0,32.0
419.0,140.0,74.0,11.2176,0.1008,183.0,182.0,2411.0,66.0
132.0,144.0,86.0,10.7496,0.234,175.4,180.4,2721.0,58.0
58.0,150.0,99.0,13.4712,0.5364,181.6,183.8,3118.0,51.0
90.0,150.0,103.0,11.6892,0.0684,178.2,182.0,3632.0,47.0
7.0,151.0,148.0,12.5964,0.4356,185.6,187.4,4418.0,3.0
53.0,142.0,91.0,11.0844,0.0,180.6,179.8,956.0,51.0
68.0,141.0,86.0,11.8908,0.1332,178.8,182.8,1297.0,55.0
161.0,135.0,85.0,12.528,0.1332,177.4,184.0,1348.0,50.0
57.0,167.0,92.0,10.9152,0.1008,179.4,183.4,1768.0,75.0
240.0,147.0,63.0,13.302,0.234,177.8,185.6,165.0,84.0
152.0,150.0,76.0,13.1688,0.1692,178.4,182.2,352.0,74.0
115.0,133.0,87.0,10.1448,0.1692,176.0,178.0,1618.0,46.0
456.0,144.0,72.0,11.556,0.2016,178.4,184.2,1885.0,72.0
30.0,144.0,109.0,10.6812,0.2016,177.2,181.2,2021.0,35.0
95.0,147.0,85.0,12.0924,0.1008,179.0,177.0,2200.0,62.0
282.0,170.0,76.0,16.6284,0.1332,168.4,176.2,1159.0,94.0
34.0,165.0,102.0,12.3948,0.1692,179.8,182.0,305.0,63.0
40.0,134.0,105.0,12.8664,0.0684,189.8,186.2,1058.0,29.0
16.0,132.0,119.0,11.0844,0.1332,182.6,180.0,1182.0,13.0
57.0,142.0,95.0,12.9672,0.3024,189.4,188.2,2138.0,47.0
93.0,134.0,82.0,11.6208,2.9556,174.4,181.4,2435.0,52.0
19.0,134.0,118.0,11.4876,0.2016,188.6,188.8,2630.0,16.0
9.0,135.0,127.0,11.052,0.4032,181.8,180.2,1932.0,8.0
284.0,145.0,77.0,11.8584,0.1332,174.8,174.8,891.0,68.0
100.0,148.0,81.0,11.556,0.0,177.2,178.4,976.0,67.0
151.0,138.0,80.0,11.52,0.0,175.4,176.0,1411.0,58.0
345.0,147.0,78.0,11.52,0.0684,176.6,173.8,1668.0,69.0
26.0,147.0,115.0,13.2012,0.1332,181.2,180.2,284.0,32.0
8.0,143.0,136.0,12.2616,0.0,166.8,174.4,712.0,7.0
292.0,152.0,94.0,12.1248,0.0,183.0,184.6,2326.0,58.0
30.0,155.0,136.0,15.4512,0.2016,185.4,180.6,2613.0,19.0
85.0,150.0,113.0,12.9312,0.0684,182.6,181.2,2875.0,37.0
419.0,154.0,85.0,12.06,0.1692,186.4,184.4,3518.0,69.0
18.0,158.0,105.0,12.2616,0.0324,174.4,181.8,119.0,53.0
5.0,147.0,144.0,14.6808,7.1532,176.0,176.0,427.0,3.0
8.0,150.0,143.0,12.024,0.4356,181.0,184.0,1327.0,7.0
41.0,147.0,101.0,11.79,0.234,174.2,183.8,498.0,46.0
17.0,141.0,120.0,12.1248,0.2016,173.2,178.8,745.0,21.0
54.0,135.0,105.0,11.9592,0.0684,179.0,182.0,1361.0,30.0
7.0,138.0,129.0,11.2176,0.1692,171.6,174.6,1518.0,9.0
37.0,140.0,111.0,11.556,0.0684,186.2,186.6,1959.0,29.0
4.0,145.0,143.0,13.068,9.8424,186.2,186.4,2164.0,2.0
77.0,173.0,69.0,11.1168,0.27,173.4,175.6,262.0,104.0
30.0,132.0,112.0,12.0924,0.1692,182.8,178.2,814.0,20.0
195.0,134.0,71.0,12.294,0.0,177.8,184.4,1058.0,63.0
56.0,92.0,68.0,12.8304,0.0324,186.2,186.0,1074.0,24.0
56.0,134.0,102.0,13.3344,0.1692,179.2,179.2,1472.0,32.0
74.0,155.0,99.0,14.8788,0.1332,190.2,193.0,1906.0,56.0
12.0,148.0,138.0,13.302,0.1008,194.4,189.2,2427.0,10.0
44.0,144.0,116.0,12.3948,0.27,197.0,197.4,2597.0,28.0
180.0,135.0,82.0,10.1124,0.0,176.6,175.8,1799.0,53.0
3.0,141.0,137.0,7.3908,4.536,182.4,184.8,476.0,4.0
13.0,136.0,124.0,12.3948,0.0,184.4,186.6,583.0,12.0
22.0,151.0,132.0,12.9672,0.0,168.8,180.6,1061.0,19.0
9.0,141.0,133.0,11.556,0.0,185.2,191.0,1356.0,8.0
93.0,143.0,93.0,11.9916,2.9556,178.6,177.0,2315.0,50.0
18.0,126.0,120.0,11.4552,0.0,179.0,179.4,2348.0,6.0
13.0,149.0,140.0,13.536,0.4032,175.8,178.0,2626.0,9.0
69.0,149.0,106.0,13.1328,0.0,184.2,194.2,3035.0,43.0
7.0,136.0,129.0,9.2376,0.0,186.0,187.0,3248.0,7.0
24.0,135.0,125.0,11.7576,0.1332,179.0,181.0,3507.0,10.0
99.0,170.0,75.0,14.2776,0.1008,163.8,181.6,76.0,95.0
7.0,139.0,135.0,12.3948,2.7216,180.6,180.0,494.0,4.0
66.0,147.0,100.0,12.2256,0.234,204.0,190.8,749.0,47.0
18.0,147.0,135.0,12.9672,0.3348,172.2,173.4,2482.0,12.0
431.0,141.0,81.0,11.52,0.2016,167.6,179.2,2673.0,60.0
41.0,142.0,120.0,11.7216,0.2016,182.2,185.2,4048.0,22.0
63.0,143.0,106.0,11.6568,0.1332,187.6,187.4,4488.0,37.0
275.0,142.0,91.0,10.1772,0.3708,172.2,175.0,4912.0,51.0
5.0,138.0,135.0,11.1852,10.4472,173.2,175.4,4983.0,3.0
12.0,155.0,119.0,11.9592,5.2416,173.6,173.6,516.0,36.0
39.0,150.0,104.0,11.9232,0.0,170.6,193.6,777.0,46.0
44.0,153.0,105.0,11.8908,0.0,190.6,189.0,1197.0,48.0
60.0,144.0,102.0,11.0844,0.0,193.6,203.8,1490.0,42.0
65.0,148.0,97.0,12.06,0.0,169.4,175.6,1764.0,51.0
120.0,149.0,91.0,12.2256,0.0,177.8,185.6,2053.0,58.0
14.0,146.0,131.0,12.3624,0.0,190.8,190.0,2178.0,15.0
10.0,139.0,129.0,11.79,0.0,177.8,184.2,2662.0,10.0
65.0,168.0,89.0,12.1608,0.0324,174.6,180.2,179.0,79.0
96.0,154.0,87.0,11.9592,0.3348,158.4,169.2,348.0,67.0
26.0,138.0,126.0,10.3788,0.0324,173.8,174.6,1300.0,12.0
101.0,146.0,104.0,10.7496,0.0684,176.6,176.6,1995.0,42.0
20.0,161.0,109.0,11.9232,0.234,181.0,180.4,217.0,52.0
6.0,135.0,131.0,12.3624,0.2016,186.8,188.8,524.0,4.0
36.0,129.0,108.0,11.3868,0.1692,195.2,198.6,1196.0,21.0
19.0,145.0,128.0,12.5964,0.1332,186.2,184.4,1779.0,17.0
35.0,146.0,120.0,12.0924,0.2016,192.0,192.4,2187.0,26.0
20.0,144.0,128.0,11.9232,3.5604,191.8,185.8,2400.0,16.0
14.0,155.0,126.0,13.7052,0.0,191.4,191.2,423.0,29.0
399.0,146.0,83.0,6.6492,0.0,209.0,209.0,1459.0,63.0
154.0,147.0,99.0,11.6892,3.258,202.0,202.8,1640.0,48.0
11.0,159.0,143.0,13.6044,0.1692,199.4,200.2,1773.0,16.0
146.0,154.0,95.0,13.4712,0.0,171.0,172.8,2085.0,59.0
11.0,151.0,140.0,12.8988,0.0684,174.0,175.0,2458.0,11.0
25.0,157.0,141.0,12.9312,0.0,183.2,183.4,4163.0,16.0
248.0,148.0,92.0,11.52,0.0,186.2,187.6,4976.0,56.0
51.0,156.0,128.0,11.4552,0.0,178.4,183.6,5609.0,28.0
14.0,153.0,147.0,11.7216,2.0844,179.4,179.8,5863.0,6.0
118.0,134.0,63.0,12.3624,0.27,175.4,176.0,633.0,71.0
32.0,132.0,89.0,11.8584,0.1332,180.2,178.8,843.0,43.0
400.0,129.0,68.0,10.0764,0.1332,178.2,181.4,1261.0,61.0
135.0,130.0,69.0,10.5804,0.0,185.0,181.2,1605.0,61.0
202.0,131.0,77.0,10.1772,0.0,178.2,179.8,1883.0,54.0
214.0,133.0,67.0,11.1168,0.0,181.4,179.4,1997.0,66.0
220.0,127.0,66.0,10.044,0.0684,181.2,182.2,2214.0,61.0
55.0,169.0,62.0,11.016,0.0324,179.4,171.0,133.0,107.0
74.0,139.0,88.0,12.1608,0.27,176.8,175.8,775.0,51.0
249.0,132.0,80.0,12.528,0.27,176.6,176.2,862.0,52.0
71.0,151.0,86.0,12.1608,0.0684,191.8,197.0,568.0,65.0
36.0,143.0,114.0,12.3624,0.3024,198.6,198.2,759.0,29.0
133.0,139.0,87.0,11.7576,0.234,189.4,191.0,1567.0,52.0
42.0,149.0,102.0,12.8304,0.2016,189.8,187.0,1680.0,47.0
28.0,135.0,95.0,11.052,0.1692,173.8,172.0,140.0,40.0
31.0,139.0,119.0,10.8504,0.0,178.6,179.0,1206.0,20.0
15.0,163.0,143.0,13.9752,0.0684,198.8,194.2,2489.0,20.0
8.0,147.0,147.0,14.04,0.0324,184.0,182.8,2518.0,0.0
231.0,170.0,97.0,11.6208,7.9596,192.6,189.8,145.0,73.0
136.0,147.0,94.0,11.4192,0.0684,177.6,179.4,1199.0,53.0
240.0,153.0,95.0,13.1688,0.1008,177.6,176.0,1979.0,58.0
35.0,163.0,117.0,12.294,0.0,183.4,194.6,119.0,46.0
16.0,171.0,107.0,11.0844,0.0,181.4,181.8,166.0,64.0
94.0,132.0,79.0,11.052,0.0684,179.8,189.2,329.0,53.0
37.0,142.0,112.0,12.3264,2.6208,174.6,183.4,1141.0,30.0
21.0,137.0,123.0,10.9152,0.1332,185.4,186.4,2039.0,14.0
65.0,142.0,100.0,11.9592,0.2016,182.0,185.6,2353.0,42.0
76.0,140.0,102.0,11.2536,0.2016,180.2,184.4,2722.0,38.0
22.0,128.0,120.0,10.4148,0.0324,192.8,201.2,2800.0,8.0
36.0,141.0,123.0,14.1408,0.0,212.8,217.4,36.0,18.0
334.0,132.0,69.0,13.9752,0.0,233.2,175.8,71.0,63.0
49.0,123.0,95.0,10.3464,0.1692,209.8,198.2,576.0,28.0
17.0,124.0,115.0,10.1448,0.1332,183.2,184.2,1051.0,9.0
223.0,140.0,87.0,11.3868,0.0,162.6,182.0,1450.0,53.0
45.0,116.0,90.0,11.016,0.1008,185.0,185.4,1480.0,26.0
9.0,141.0,136.0,11.4552,3.9636,188.4,191.0,1786.0,5.0
214.0,151.0,104.0,13.1328,0.1008,177.4,179.4,3195.0,47.0
9.0,147.0,143.0,10.5804,0.0324,185.2,188.2,4035.0,4.0
178.0,151.0,113.0,11.0844,0.1332,182.0,189.2,4449.0,38.0
55.0,156.0,134.0,11.6892,0.0684,178.0,187.4,4872.0,22.0
181.0,142.0,102.0,10.4796,0.1692,178.8,199.2,4952.0,40.0
10.0,148.0,145.0,10.9836,0.1332,176.8,178.2,5155.0,3.0
30.0,170.0,87.0,9.774,0.0324,173.4,181.0,156.0,83.0
95.0,134.0,77.0,10.8828,0.1332,184.0,181.4,707.0,57.0
11.0,141.0,136.0,11.286,0.0324,184.2,183.4,2065.0,5.0
50.0,179.0,84.0,10.9512,0.0,219.4,219.2,140.0,95.0
157.0,142.0,72.0,12.2256,0.0,173.4,173.6,527.0,70.0
168.0,149.0,77.0,13.3344,0.0,176.4,176.2,965.0,72.0
453.0,170.0,74.0,15.8544,0.0,163.0,163.6,1848.0,96.0
116.0,151.0,68.0,12.2616,0.1692,179.0,176.4,177.0,83.0
44.0,130.0,80.0,10.8504,0.0324,171.6,176.2,231.0,50.0
32.0,169.0,112.0,12.024,0.0684,180.6,187.6,238.0,57.0
33.0,163.0,97.0,12.1248,0.1692,176.4,176.6,289.0,66.0
88.0,132.0,82.0,11.016,0.1008,176.8,184.0,1266.0,50.0
35.0,132.0,101.0,11.52,0.1008,177.4,176.0,1401.0,31.0
64.0,135.0,98.0,11.2176,0.1692,182.0,185.6,2473.0,37.0
110.0,130.0,83.0,9.8748,0.0684,176.4,181.2,3039.0,47.0
25.0,134.0,117.0,10.7496,0.1332,165.2,176.0,3323.0,17.0
16.0,141.0,128.0,12.6288,0.0,185.8,186.6,3579.0,13.0
43.0,142.0,112.0,12.2256,0.1692,174.6,177.4,3903.0,30.0
12.0,143.0,137.0,10.0764,0.0,185.0,184.6,4204.0,6.0
49.0,150.0,93.0,11.556,0.1008,168.0,181.8,327.0,57.0
31.0,124.0,108.0,8.8344,0.0684,175.0,174.0,980.0,16.0
38.0,127.0,103.0,11.3184,0.27,179.6,175.8,1389.0,24.0
37.0,170.0,100.0,14.0076,0.3024,177.4,181.4,246.0,70.0
37.0,143.0,106.0,13.8744,0.1332,176.2,176.6,697.0,37.0
24.0,138.0,120.0,11.9916,0.3708,180.4,180.0,990.0,18.0
35.0,136.0,104.0,10.2132,0.1332,185.0,185.6,1300.0,32.0
42.0,143.0,110.0,12.5964,0.2016,151.2,158.2,3092.0,33.0
100.0,126.0,75.0,11.0844,0.3348,175.6,178.2,1788.0,51.0
60.0,167.0,54.0,11.016,0.0324,181.4,181.4,96.0,113.0
36.0,163.0,90.0,11.1528,0.1008,177.4,174.4,239.0,73.0
49.0,97.0,59.0,6.4836,0.0324,171.8,167.8,243.0,38.0
96.0,148.0,89.0,13.7376,0.2016,179.2,182.8,610.0,59.0
195.0,136.0,80.0,11.1168,0.0,180.0,178.0,1294.0,56.0
87.0,138.0,92.0,13.572,0.1332,184.6,183.8,1026.0,46.0
16.0,151.0,133.0,11.5884,0.0,174.0,179.0,2175.0,18.0
28.0,129.0,103.0,11.3184,0.0324,176.6,181.6,804.0,26.0
31.0,136.0,110.0,11.4876,0.2016,173.0,172.6,1469.0,26.0
10.0,103.0,103.0,9.5724,0.0324,171.6,172.4,1485.0,0.0
23.0,165.0,124.0,11.1168,0.0,159.6,171.2,92.0,41.0
46.0,156.0,89.0,12.024,0.1332,170.4,174.2,294.0,67.0
25.0,145.0,117.0,11.3184,0.0324,178.8,181.2,777.0,28.0
47.0,134.0,91.0,11.6208,0.2016,192.0,182.6,1088.0,43.0
19.0,106.0,110.0,11.3868,0.0,180.4,182.0,1113.0,-4.0
314.0,130.0,76.0,10.6128,0.0,182.6,182.2,1221.0,54.0
10.0,135.0,128.0,10.4796,0.0,175.6,174.6,1316.0,7.0
56.0,142.0,92.0,11.4876,0.3024,161.6,177.8,1623.0,50.0
6.0,134.0,129.0,10.548,0.1692,171.2,173.4,2200.0,5.0
25.0,162.0,118.0,13.3704,0.0324,172.2,175.6,194.0,44.0
13.0,159.0,141.0,12.1932,0.0324,178.2,170.6,284.0,18.0
244.0,145.0,80.0,11.8584,0.1332,173.2,171.2,1658.0,65.0
153.0,148.0,81.0,12.4956,0.1692,172.2,175.6,427.0,67.0
81.0,141.0,83.0,12.6288,0.27,178.8,171.6,1881.0,58.0
56.0,134.0,99.0,11.1528,0.1008,176.0,179.0,2274.0,35.0
17.0,135.0,130.0,9.8424,1.782,176.4,177.6,2548.0,5.0
14.0,176.0,169.0,11.8908,0.1008,37.0,40.6,57.0,7.0
26.0,169.0,169.0,12.6972,2.0484,40.6,43.2,111.0,0.0
128.0,176.0,176.0,13.2696,0.1008,18.0,21.0,214.0,0.0
10.0,162.0,130.0,13.9752,0.1332,4.0,8.0,1162.0,32.0
63.0,170.0,82.0,12.9312,0.0,-3.60000000000002,0.199999999999989,1200.0,88.0
43.0,178.0,177.0,14.1768,6.1128,113.8,116.8,168.0,1.0
59.0,186.0,122.0,14.3424,0.2016,113.0,106.0,209.0,64.0
46.0,175.0,98.0,17.3988,0.0,90.2,84.2,257.0,77.0
21.0,155.0,95.0,15.7536,0.0,78.4,83.2,275.0,60.0
41.0,171.0,109.0,14.6808,0.234,73.2,73.6,343.0,62.0
58.0,168.0,76.0,12.8304,0.1008,76.6,81.4,384.0,92.0
19.0,162.0,116.0,13.9752,0.0,75.4,75.4,787.0,46.0
203.0,159.0,94.0,11.3868,8.2296,112.0,123.4,1005.0,65.0
14.0,152.0,137.0,12.1932,0.0,119.4,122.2,1172.0,15.0
42.0,139.0,109.0,11.3184,0.1008,79.6,80.2,1335.0,30.0
26.0,159.0,135.0,13.032,0.0324,69.6,74.8,2045.0,24.0
29.0,151.0,138.0,13.4712,0.0,62.4,61.0,2293.0,13.0
19.0,166.0,149.0,11.9232,0.0684,101.0,104.8,2585.0,17.0
78.0,144.0,77.0,14.0076,0.234,59.2,79.0,364.0,67.0
7.0,165.0,161.0,11.79,0.0,83.8,86.2,1423.0,4.0
16.0,164.0,133.0,11.8224,0.0,103.8,108.0,1706.0,31.0
3.0,170.0,160.0,12.2616,11.9916,104.2,105.8,1766.0,10.0
32.0,235.0,137.0,15.048,0.0,115.0,114.0,905.0,98.0
5.0,154.0,151.0,13.3344,0.0,103.6,104.0,1838.0,3.0
11.0,149.0,156.0,12.528,4.3668,119.0,120.4,1899.0,-7.0
20.0,160.0,152.0,13.302,0.0,100.0,99.2,2555.0,8.0
31.0,149.0,115.0,14.5116,0.0,183.6,183.0,1136.0,34.0
6.0,160.0,140.0,10.8504,0.3348,171.0,172.6,160.0,20.0
35.0,156.0,95.0,12.06,3.492,179.8,172.8,308.0,61.0
56.0,159.0,58.0,10.8828,0.0684,179.6,177.2,140.0,101.0
3.0,167.0,167.0,11.6208,10.782,181.0,180.0,128.0,0.0
11.0,160.0,120.0,12.7656,0.234,173.8,171.8,210.0,40.0
126.0,148.0,80.0,8.532,0.27,171.6,180.0,376.0,68.0
252.0,139.0,91.0,10.9512,0.1008,169.2,173.2,1702.0,48.0
47.0,167.0,63.0,9.0684,0.0324,177.4,177.6,175.0,104.0
11.0,152.0,135.0,12.9312,0.4032,168.4,175.8,1247.0,17.0
15.0,166.0,121.0,11.2536,0.0684,165.6,164.8,150.0,45.0
78.0,164.0,65.0,12.0924,0.1008,170.0,168.0,184.0,99.0
45.0,163.0,90.0,11.5884,0.0684,173.4,171.2,235.0,73.0
840.0,152.0,102.0,12.3264,5.274,171.4,174.4,1395.0,50.0
25.0,169.0,149.0,10.278,0.0,170.8,176.2,143.0,20.0
176.0,136.0,77.0,10.782,0.1692,182.6,181.4,1412.0,59.0
32.0,138.0,118.0,10.0116,0.0324,182.4,178.6,1732.0,20.0
48.0,136.0,97.0,11.1528,0.1332,171.4,175.0,1790.0,39.0
111.0,148.0,99.0,12.4956,0.0324,172.4,177.0,2012.0,49.0
25.0,128.0,119.0,10.782,0.0,173.0,178.6,2042.0,9.0
29.0,148.0,124.0,12.9672,0.1332,203.8,204.0,2140.0,24.0
67.0,158.0,90.0,11.8908,5.04,210.6,211.2,436.0,68.0
708.0,139.0,88.0,12.4272,0.0684,213.8,212.2,1442.0,51.0
14.0,167.0,110.0,10.782,0.1008,172.0,171.8,146.0,57.0
54.0,171.0,171.0,11.9232,0.0,187.0,184.8,146.0,0.0
14.0,166.0,180.0,13.2696,3.492,174.6,174.8,185.0,-14.0
35.0,163.0,127.0,10.8144,0.0,176.2,175.4,340.0,36.0
39.0,135.0,109.0,9.4716,0.0,183.2,183.2,1422.0,26.0
21.0,162.0,118.0,12.2616,5.7456,175.8,172.8,148.0,44.0
133.0,158.0,78.0,10.7496,0.0,160.4,172.6,433.0,80.0
13.0,124.0,108.0,9.2052,0.0,175.4,186.8,1049.0,16.0
155.0,148.0,81.0,9.9756,0.0,176.4,193.0,1526.0,67.0
36.0,122.0,85.0,9.1368,0.0,171.2,181.2,1565.0,37.0
24.0,146.0,121.0,12.1608,0.0,195.8,197.6,1666.0,25.0
189.0,149.0,78.0,11.3544,0.0,161.8,169.2,783.0,71.0
139.0,132.0,89.0,10.4796,0.0,183.0,184.4,802.0,43.0
201.0,137.0,76.0,12.4272,0.1008,184.8,182.4,1302.0,61.0
11.0,160.0,138.0,12.294,0.0,176.0,177.2,536.0,22.0
10.0,150.0,139.0,11.4192,0.1008,192.0,194.4,2045.0,11.0
58.0,143.0,119.0,10.5156,4.0968,174.4,176.8,2337.0,24.0
91.0,143.0,105.0,11.7576,0.0,184.0,184.2,2399.0,38.0
36.0,143.0,128.0,10.3788,0.1332,181.2,181.8,3030.0,15.0
67.0,143.0,105.0,11.6568,1.8468,168.8,169.0,1293.0,38.0
13.0,136.0,125.0,10.9152,0.1332,171.0,171.4,1524.0,11.0
68.0,155.0,94.0,14.7816,0.3348,151.4,159.8,292.0,61.0
47.0,140.0,102.0,11.3868,0.0684,170.6,176.6,779.0,38.0
27.0,134.0,114.0,11.8224,0.1692,183.8,184.0,1073.0,20.0
312.0,140.0,78.0,10.5804,0.1332,175.8,178.2,1267.0,62.0
5.0,144.0,138.0,12.3264,1.8144,171.4,171.2,2409.0,6.0
40.0,149.0,119.0,12.7656,0.4356,175.4,176.2,2980.0,30.0
40.0,143.0,115.0,11.8224,0.1008,175.4,176.8,3464.0,28.0
25.0,150.0,121.0,13.4028,0.1332,174.2,180.0,3731.0,29.0
13.0,147.0,136.0,11.8224,2.4192,172.4,172.2,3984.0,11.0
10.0,146.0,138.0,11.1528,0.4032,178.8,179.8,2771.0,8.0
48.0,149.0,103.0,12.9996,0.3348,180.8,177.4,245.0,46.0
32.0,107.0,92.0,5.8788,0.0,175.8,181.2,252.0,15.0
154.0,154.0,102.0,12.8988,0.0684,218.4,197.0,1708.0,52.0
47.0,153.0,115.0,12.798,0.0324,178.6,181.6,1962.0,38.0
498.0,118.0,79.0,10.5804,0.1692,179.0,229.2,1970.0,39.0
17.0,142.0,130.0,11.3544,0.0684,199.8,201.0,2269.0,12.0
45.0,131.0,101.0,10.1448,0.3024,190.8,198.6,3241.0,30.0
20.0,131.0,118.0,10.4472,0.2016,197.2,202.2,4774.0,13.0
31.0,134.0,113.0,10.6488,0.1692,200.6,202.0,5162.0,21.0
5.0,114.0,110.0,0.1692,2.0484,202.0,200.6,5164.0,4.0
22.0,135.0,93.0,11.6208,0.1008,168.0,166.4,151.0,42.0
134.0,125.0,90.0,9.2376,2.6208,173.0,173.8,1050.0,35.0
20.0,148.0,113.0,11.4192,0.0,181.6,176.2,1198.0,35.0
150.0,139.0,95.0,10.5804,0.234,180.8,186.0,2061.0,44.0
30.0,151.0,120.0,11.8908,0.0,202.8,201.0,495.0,31.0
39.0,152.0,93.0,12.7656,0.0,186.8,184.2,554.0,59.0
5.0,151.0,150.0,13.3704,0.0,195.2,194.0,792.0,1.0
4146.0,142.0,65.0,10.2132,0.0,178.4,180.8,823.0,77.0
64.0,168.0,62.0,10.2456,0.0,187.6,189.6,852.0,106.0
46.0,167.0,92.0,9.5076,0.0,217.6,229.8,1211.0,75.0
9.0,160.0,138.0,11.4552,5.9796,172.2,171.4,1877.0,22.0
70.0,136.0,89.0,10.3788,1.5804,176.2,169.0,1795.0,47.0
367.0,152.0,62.0,11.0844,0.3708,174.6,176.6,1214.0,90.0
65.0,148.0,76.0,9.1044,6.3504,171.0,172.6,729.0,72.0
29.0,134.0,92.0,9.0684,6.8868,169.8,169.0,874.0,42.0
48.0,116.0,87.0,9.0684,7.1532,174.0,175.8,1270.0,29.0
96.0,115.0,87.0,9.4068,7.9596,172.2,173.6,1377.0,28.0
114.0,110.0,84.0,9.0684,7.3908,173.2,162.8,1525.0,26.0
6.0,123.0,111.0,7.02,0.0,174.0,173.6,1581.0,12.0
16.0,107.0,88.0,5.508,0.0,175.0,175.4,1617.0,19.0
43.0,113.0,83.0,8.3628,6.1812,171.8,175.2,1736.0,30.0
228.0,162.0,60.0,10.4148,0.27,180.6,172.6,225.0,102.0
19.0,167.0,103.0,11.2176,0.0,171.2,172.2,353.0,64.0
54.0,123.0,81.0,11.3544,4.9392,175.4,176.2,1153.0,42.0
301.0,170.0,80.0,9.2052,0.27,184.4,186.8,1252.0,90.0
64.0,142.0,94.0,7.8264,2.3184,177.0,174.8,1309.0,48.0
119.0,121.0,84.0,9.9432,4.0644,172.0,170.4,1842.0,37.0
22.0,118.0,99.0,8.766,0.0,174.6,175.4,1933.0,19.0
380.0,117.0,78.0,8.8668,2.1168,189.0,173.6,2027.0,39.0
33.0,139.0,100.0,11.79,0.2016,180.8,194.6,2277.0,39.0
11.0,122.0,123.0,11.3184,0.0324,203.8,203.0,34.0,-1.0
212.0,148.0,94.0,7.7256,0.0684,192.4,199.0,1103.0,54.0
25.0,164.0,164.0,11.52,0.0,175.8,186.4,246.0,0.0
7.0,169.0,137.0,11.52,0.0684,169.0,169.8,305.0,32.0
27.0,162.0,137.0,14.0076,3.7944,193.4,193.8,2107.0,25.0
11.0,157.0,147.0,8.8344,0.0684,198.4,200.2,2563.0,10.0
46.0,153.0,101.0,12.564,0.0,174.4,175.8,1163.0,52.0
14.0,178.0,160.0,20.2212,0.0,194.6,196.6,190.0,18.0
32.0,138.0,105.0,11.8908,4.1976,173.2,173.4,1168.0,33.0
399.0,144.0,75.0,10.8828,0.9396,182.6,191.2,2018.0,69.0
84.0,169.0,66.0,13.068,0.1332,180.2,177.8,184.0,103.0
7.0,165.0,128.0,13.536,0.0,177.8,172.6,42.0,37.0
575.0,173.0,81.0,17.1324,0.1332,168.0,175.8,1288.0,92.0
188.0,153.0,88.0,8.7336,0.234,178.6,179.2,2091.0,65.0
27.0,158.0,131.0,14.7816,0.234,171.6,177.8,2833.0,27.0
122.0,150.0,98.0,12.7656,6.5844,178.0,170.6,1535.0,52.0
77.0,158.0,77.0,13.572,4.8708,196.0,207.4,252.0,81.0
12.0,135.0,121.0,12.294,0.234,171.6,174.0,1328.0,14.0
866.0,144.0,64.0,12.4272,0.4356,172.6,188.0,1734.0,80.0
459.0,136.0,90.0,11.6892,4.9032,207.0,211.4,1619.0,46.0
17.0,133.0,120.0,10.8504,0.0,200.8,201.0,1755.0,13.0
300.0,139.0,76.0,9.8748,0.3348,189.6,192.8,2897.0,63.0
288.0,141.0,77.0,10.4796,0.1332,175.6,182.2,1121.0,64.0
137.0,127.0,79.0,10.7496,0.0,173.6,182.8,1159.0,48.0
29.0,166.0,121.0,12.8664,0.1332,188.4,185.0,128.0,45.0
30.0,136.0,118.0,11.4876,0.0684,174.0,173.6,1895.0,18.0
85.0,138.0,96.0,10.782,0.234,169.4,175.4,2305.0,42.0
23.0,154.0,136.0,12.6288,0.0324,169.2,173.6,2395.0,18.0
8.0,150.0,116.0,11.1168,5.4072,174.0,171.2,130.0,34.0
15.0,137.0,98.0,11.052,0.0324,170.8,172.6,160.0,39.0
47.0,173.0,98.0,13.3704,0.234,200.6,201.4,485.0,75.0
155.0,146.0,92.0,12.1932,0.1008,219.4,224.0,1807.0,54.0
150.0,148.0,98.0,11.8224,0.2016,205.0,205.8,2976.0,50.0
76.0,145.0,108.0,11.4192,0.3024,215.2,220.8,3847.0,37.0
604.0,149.0,86.0,11.556,0.2016,222.8,208.6,4639.0,63.0
35.0,166.0,159.0,13.3704,0.1008,201.6,228.8,26.0,7.0
10.0,163.0,145.0,11.4552,0.1332,172.0,176.0,255.0,18.0
153.0,174.0,108.0,12.2616,1.782,188.6,189.2,1497.0,66.0
324.0,144.0,87.0,10.6488,2.6208,176.4,186.4,2141.0,57.0
15.0,144.0,135.0,11.5884,0.234,166.6,171.6,2385.0,9.0
252.0,144.0,59.0,12.564,3.024,178.4,176.4,18.0,85.0
3.0,165.0,165.0,10.782,10.5156,156.8,156.0,146.0,0.0
10.0,164.0,150.0,13.4712,4.1976,166.4,165.6,279.0,14.0
138.0,151.0,88.0,12.294,0.0,173.0,175.0,1412.0,63.0
306.0,146.0,86.0,11.556,0.0324,175.0,175.2,4693.0,60.0
70.0,148.0,103.0,9.9108,0.0324,180.2,181.2,5111.0,45.0
80.0,150.0,113.0,11.7576,0.1692,176.2,180.6,2497.0,37.0
14.0,134.0,122.0,11.1852,0.3708,174.6,174.8,1619.0,12.0
28.0,130.0,99.0,10.2132,0.1008,169.4,169.8,341.0,31.0
40.0,135.0,95.0,10.548,0.1008,172.8,173.4,592.0,40.0
85.0,133.0,81.0,11.6208,0.1692,175.4,175.6,777.0,52.0
57.0,132.0,92.0,10.4148,0.0324,166.8,174.2,1365.0,40.0
416.0,128.0,75.0,10.4472,0.0684,175.0,173.2,1425.0,53.0
47.0,147.0,110.0,12.9672,0.4716,175.8,169.6,2344.0,37.0
845.0,138.0,74.0,12.1248,0.6048,171.4,174.4,812.0,64.0
86.0,140.0,81.0,12.564,2.4516,168.2,176.4,1478.0,59.0
21.0,148.0,129.0,13.068,0.2016,177.2,182.2,3612.0,19.0
52.0,174.0,80.0,12.4272,0.234,165.4,187.4,249.0,94.0
119.0,138.0,89.0,12.8304,0.1692,166.6,183.2,1298.0,49.0
182.0,118.0,86.0,13.6728,0.2016,172.8,177.8,1333.0,32.0
15.0,167.0,128.0,12.024,0.1008,169.0,174.6,134.0,39.0
28.0,156.0,122.0,13.1004,0.0,184.8,192.0,906.0,34.0
84.0,144.0,95.0,11.0844,0.1008,179.6,182.8,1815.0,49.0
116.0,104.0,84.0,11.4876,0.1692,188.8,197.0,1827.0,20.0
25.0,147.0,125.0,13.6728,0.0324,184.6,192.4,1950.0,22.0
6.0,126.0,118.0,11.556,0.0324,195.6,195.8,1955.0,8.0
60.0,145.0,121.0,12.4272,0.1692,188.4,193.8,2103.0,24.0
51.0,146.0,109.0,13.4028,0.0684,189.2,195.0,3027.0,37.0
20.0,145.0,133.0,11.6892,0.504,185.6,183.2,4353.0,12.0
4.0,157.0,156.0,13.3344,9.1692,188.0,189.8,5976.0,1.0
25.0,153.0,143.0,11.016,0.0,183.6,185.8,6052.0,10.0
59.0,159.0,76.0,12.798,0.0324,192.0,185.4,102.0,83.0
116.0,147.0,100.0,4.4352,0.234,163.2,170.2,1459.0,47.0
1.0,102.0,102.0,0.0,0.0,170.0,169.8,1460.0,0.0
898.0,161.0,69.0,11.8584,3.996,163.4,178.4,173.0,92.0
37.0,169.0,138.0,15.318,0.2016,194.6,177.6,908.0,31.0
950.0,177.0,90.0,17.9388,0.1692,176.6,180.6,1641.0,87.0
96.0,160.0,57.0,11.052,0.1692,174.8,176.2,141.0,103.0
58.0,160.0,75.0,11.6208,0.0324,175.4,176.8,177.0,85.0
97.0,166.0,78.0,13.1328,0.1008,162.2,179.8,245.0,88.0
36.0,146.0,122.0,14.4108,0.0324,169.0,174.8,721.0,24.0
142.0,147.0,93.0,12.3948,0.0684,162.2,170.4,2347.0,54.0
18.0,142.0,135.0,11.3868,0.1332,169.0,176.8,3521.0,7.0
46.0,136.0,86.0,11.52,0.1008,160.4,166.8,236.0,50.0
119.0,155.0,79.0,12.6648,0.2016,162.8,172.0,332.0,76.0
48.0,132.0,80.0,13.1688,0.0684,167.4,174.0,387.0,52.0
33.0,167.0,120.0,14.4108,0.3024,171.0,167.6,430.0,47.0
90.0,146.0,102.0,12.7296,0.1332,161.2,170.8,2597.0,44.0
88.0,166.0,85.0,12.798,0.1332,174.6,168.2,480.0,81.0
359.0,139.0,66.0,10.4148,3.258,181.6,185.6,517.0,73.0
184.0,144.0,101.0,11.7576,0.0324,187.8,154.8,1570.0,43.0
398.0,140.0,69.0,10.7136,3.6288,207.0,195.8,1602.0,71.0
97.0,155.0,43.0,10.0116,0.1008,203.0,205.2,88.0,112.0
23.0,159.0,114.0,10.278,0.0,215.0,217.4,293.0,45.0
96.0,135.0,87.0,12.294,0.1008,227.8,227.0,1158.0,48.0
79.0,130.0,81.0,10.1772,2.7864,234.8,238.2,1327.0,49.0
42.0,137.0,87.0,10.7496,3.492,208.2,214.6,1632.0,50.0
20.0,111.0,106.0,9.1044,0.6732,207.2,218.4,1662.0,5.0
37.0,132.0,100.0,12.3624,0.2016,210.8,220.8,1810.0,32.0
269.0,137.0,78.0,12.1248,0.1692,212.0,221.0,2016.0,59.0
7.0,142.0,128.0,11.0844,0.0,213.6,214.4,2109.0,14.0
56.0,136.0,83.0,13.3704,0.0324,212.8,218.0,2286.0,53.0
120.0,128.0,76.0,11.1528,0.1692,208.0,211.8,2714.0,52.0
27.0,125.0,117.0,10.3464,0.0,200.2,206.0,3157.0,8.0
8.0,118.0,114.0,10.5156,0.0684,203.8,208.6,3209.0,4.0
56.0,165.0,90.0,11.1852,0.4716,174.6,181.0,273.0,75.0
72.0,132.0,91.0,12.294,2.2176,166.4,164.4,1192.0,41.0
144.0,138.0,90.0,11.9232,0.1008,169.4,168.0,1794.0,48.0
3.0,133.0,130.0,11.556,10.8504,176.2,175.4,2234.0,3.0
40.0,162.0,88.0,13.068,0.234,170.2,172.2,255.0,74.0
32.0,154.0,123.0,14.9796,0.1332,175.6,178.0,719.0,31.0
69.0,140.0,94.0,11.286,0.2016,172.2,175.2,1226.0,46.0
471.0,143.0,69.0,11.8584,0.3348,171.2,179.4,1848.0,74.0
269.0,139.0,74.0,11.8908,0.3348,173.0,180.6,2560.0,65.0
68.0,144.0,95.0,12.4956,0.2016,141.2,158.2,2942.0,49.0
50.0,112.0,95.0,11.556,0.0684,164.8,169.4,2965.0,17.0
150.0,138.0,76.0,11.2536,0.3024,162.6,166.2,3254.0,62.0
31.0,136.0,117.0,11.4192,0.0,160.8,162.4,3453.0,19.0
9.0,133.0,126.0,10.8504,0.1008,152.8,152.4,3510.0,7.0
68.0,136.0,92.0,11.9916,0.0,174.4,180.4,960.0,44.0
9.0,137.0,131.0,11.4192,0.1332,182.6,189.0,2288.0,6.0
110.0,132.0,75.0,10.548,0.0,171.4,171.2,606.0,57.0
21.0,137.0,123.0,13.302,0.0,170.8,172.2,1570.0,14.0
14.0,135.0,118.0,12.7656,0.3708,181.6,178.8,1379.0,17.0
2.0,122.0,122.0,11.52,10.5156,209.8,212.8,1534.0,0.0
30.0,145.0,116.0,12.6648,0.2016,167.0,165.0,321.0,29.0
44.0,143.0,99.0,12.3624,0.3708,171.6,174.6,901.0,44.0
21.0,165.0,113.0,11.79,0.0,179.6,187.0,60.0,52.0
49.0,165.0,92.0,11.79,0.1332,169.4,169.6,199.0,73.0
124.0,136.0,96.0,11.286,0.1692,177.6,182.2,1462.0,40.0
65.0,166.0,64.0,11.556,0.0,185.4,197.4,62.0,102.0
8.0,139.0,135.0,10.9836,0.0,176.6,178.6,2318.0,4.0
4.0,131.0,127.0,10.278,8.4312,177.4,178.8,750.0,4.0
913.0,142.0,76.0,11.4876,0.504,172.6,194.4,1457.0,66.0
5.0,125.0,122.0,9.0684,5.2056,199.4,200.0,1514.0,3.0
24.0,165.0,106.0,10.3464,0.1008,171.0,167.8,134.0,59.0
164.0,161.0,65.0,10.9836,0.234,153.6,184.0,315.0,96.0
159.0,144.0,69.0,13.1688,0.3024,173.0,187.4,720.0,75.0
10.0,132.0,119.0,10.9512,0.0,166.0,170.6,2302.0,13.0
4.0,129.0,124.0,10.8144,0.234,173.0,173.4,2525.0,5.0
25.0,166.0,106.0,15.4512,0.0,176.0,179.0,568.0,60.0
32.0,164.0,107.0,13.8384,0.2016,178.0,190.4,188.0,57.0
49.0,161.0,79.0,13.2336,0.1008,175.8,186.4,292.0,82.0
45.0,158.0,90.0,11.3868,0.1332,191.8,203.8,111.0,68.0
23.0,139.0,106.0,11.9916,0.1692,156.6,176.2,427.0,33.0
511.0,146.0,90.0,11.7216,5.3424,184.2,192.8,636.0,56.0
60.0,152.0,73.0,10.3788,0.1332,175.4,207.4,790.0,79.0
5.0,88.0,109.0,11.8224,2.4192,195.6,188.2,808.0,-21.0
41.0,140.0,78.0,11.8224,0.1692,180.4,185.4,947.0,62.0
31.0,153.0,128.0,12.7296,2.484,188.8,190.6,2054.0,25.0
35.0,156.0,131.0,13.572,0.4716,178.4,190.0,2961.0,25.0
6.0,160.0,152.0,13.7376,5.04,191.2,191.0,3167.0,8.0
1510.0,164.0,67.0,15.1812,0.3348,205.0,187.2,3297.0,97.0
25.0,165.0,121.0,11.9916,0.2016,186.4,189.8,3674.0,44.0
